code,name,symbol,r,g,b,L*,a*,b*,source
A1,A1,!,250,245,205,96.01,-4.71,19.89,HansBug/pindou-color-data mard-221-alfonse-doudou (MIT)
A2,A2,@,252,254,214,98.60,-7.17,18.94,HansBug/pindou-color-data mard-221-alfonse-doudou (MIT)
A3,A3,#,252,255,146,97.75,-16.07,51.55,HansBug/pindou-color-data mard-221-alfonse-doudou (MIT)
A4,A4,$,247,236,92,91.93,-13.05,68.78,HansBug/pindou-color-data mard-221-alfonse-doudou (MIT)
A5,A5,%,240,216,58,85.98,-7.67,75.15,HansBug/pindou-color-data mard-221-alfonse-doudou (MIT)
A6,A6,^,253,169,81,75.98,23.16,56.58,HansBug/pindou-color-data mard-221-alfonse-doudou (MIT)
A7,A7,&,250,140,79,69.22,36.89,49.97,HansBug/pindou-color-data mard-221-alfonse-doudou (MIT)
A8,A8,*,251,218,77,87.58,-3.25,70.31,HansBug/pindou-color-data mard-221-alfonse-doudou (MIT)
A9,A9,(,247,157,95,72.70,27.85,45.90,HansBug/pindou-color-data mard-221-alfonse-doudou (MIT)
A10,A10,),244,126,56,65.31,40.61,56.45,HansBug/pindou-color-data mard-221-alfonse-doudou (MIT)
A11,A11,[,254,219,153,88.94,3.38,36.94,HansBug/pindou-color-data mard-221-alfonse-doudou (MIT)
A12,A12,],253,162,118,74.84,29.33,36.79,HansBug/pindou-color-data mard-221-alfonse-doudou (MIT)
A13,A13,{,254,198,103,83.15,9.78,54.41,HansBug/pindou-color-data mard-221-alfonse-doudou (MIT)
A14,A14,},247,88,66,59.11,59.58,45.26,HansBug/pindou-color-data mard-221-alfonse-doudou (MIT)
A15,A15,<,251,246,94,94.84,-16.19,71.15,HansBug/pindou-color-data mard-221-alfonse-doudou (MIT)
A16,A16,>,254,255,151,97.96,-14.81,49.47,HansBug/pindou-color-data mard-221-alfonse-doudou (MIT)
A17,A17,?,253,225,115,89.85,-3.57,56.58,HansBug/pindou-color-data mard-221-alfonse-doudou (MIT)
A18,A18,/,252,191,128,81.57,14.61,40.14,HansBug/pindou-color-data mard-221-alfonse-doudou (MIT)
A19,A19,|,253,126,119,67.38,47.70,26.55,HansBug/pindou-color-data mard-221-alfonse-doudou (MIT)
A20,A20,~,249,214,102,86.60,-0.57,58.70,HansBug/pindou-color-data mard-221-alfonse-doudou (MIT)
A21,A21,+,250,227,147,90.49,-2.88,41.89,HansBug/pindou-color-data mard-221-alfonse-doudou (MIT)
A22,A22,=,237,248,120,94.52,-20.85,59.45,HansBug/pindou-color-data mard-221-alfonse-doudou (MIT)
A23,A23,A,228,200,186,82.57,7.64,10.61,HansBug/pindou-color-data mard-221-alfonse-doudou (MIT)
A24,A24,B,243,246,169,95.09,-12.57,36.80,HansBug/pindou-color-data mard-221-alfonse-doudou (MIT)
A25,A25,C,253,247,133,95.62,-13.00,55.09,HansBug/pindou-color-data mard-221-alfonse-doudou (MIT)
A26,A26,D,255,199,52,83.10,7.13,74.97,HansBug/pindou-color-data mard-221-alfonse-doudou (MIT)
B1,B1,E,223,241,59,91.20,-26.85,79.13,HansBug/pindou-color-data mard-221-alfonse-doudou (MIT)
B2,B2,F,100,243,67,85.61,-68.62,69.08,HansBug/pindou-color-data mard-221-alfonse-doudou (MIT)
B3,B3,G,161,245,134,89.21,-45.45,45.40,HansBug/pindou-color-data mard-221-alfonse-doudou (MIT)
B4,B4,H,95,223,52,79.30,-63.95,67.68,HansBug/pindou-color-data mard-221-alfonse-doudou (MIT)
B5,B5,I,57,225,88,79.29,-68.87,53.85,HansBug/pindou-color-data mard-221-alfonse-doudou (MIT)
B6,B6,J,100,224,164,81.13,-48.34,19.13,HansBug/pindou-color-data mard-221-alfonse-doudou (MIT)
B7,B7,K,62,174,124,63.96,-43.53,16.55,HansBug/pindou-color-data mard-221-alfonse-doudou (MIT)
B8,B8,L,29,155,84,56.43,-49.23,28.05,HansBug/pindou-color-data mard-221-alfonse-doudou (MIT)
B9,B9,M,42,80,55,30.65,-20.03,10.62,HansBug/pindou-color-data mard-221-alfonse-doudou (MIT)
B10,B10,N,154,209,186,79.62,-22.50,5.69,HansBug/pindou-color-data mard-221-alfonse-doudou (MIT)
B11,B11,O,98,112,50,44.82,-15.54,32.31,HansBug/pindou-color-data mard-221-alfonse-doudou (MIT)
B12,B12,P,26,110,61,40.75,-36.59,20.43,HansBug/pindou-color-data mard-221-alfonse-doudou (MIT)
B13,B13,Q,200,232,125,87.71,-26.94,48.35,HansBug/pindou-color-data mard-221-alfonse-doudou (MIT)
B14,B14,R,171,232,79,85.47,-41.81,65.52,HansBug/pindou-color-data mard-221-alfonse-doudou (MIT)
B15,B15,S,48,83,53,31.97,-19.99,13.70,HansBug/pindou-color-data mard-221-alfonse-doudou (MIT)
B16,B16,T,192,237,156,89.01,-28.45,34.64,HansBug/pindou-color-data mard-221-alfonse-doudou (MIT)
B17,B17,U,158,179,62,69.37,-23.46,55.15,HansBug/pindou-color-data mard-221-alfonse-doudou (MIT)
B18,B18,V,230,237,79,90.76,-21.18,72.20,HansBug/pindou-color-data mard-221-alfonse-doudou (MIT)
B19,B19,W,38,183,142,66.70,-46.62,10.46,HansBug/pindou-color-data mard-221-alfonse-doudou (MIT)
B20,B20,X,203,236,207,90.41,-16.15,10.48,HansBug/pindou-color-data mard-221-alfonse-doudou (MIT)
B21,B21,Y,24,97,106,37.45,-18.32,-11.46,HansBug/pindou-color-data mard-221-alfonse-doudou (MIT)
B22,B22,Z,10,66,65,24.77,-17.25,-4.43,HansBug/pindou-color-data mard-221-alfonse-doudou (MIT)
B23,B23,a,52,59,26,23.45,-9.14,19.34,HansBug/pindou-color-data mard-221-alfonse-doudou (MIT)
B24,B24,b,232,250,166,95.28,-18.96,38.39,HansBug/pindou-color-data mard-221-alfonse-doudou (MIT)
B25,B25,c,78,132,109,50.95,-23.56,6.83,HansBug/pindou-color-data mard-221-alfonse-doudou (MIT)
B26,B26,d,144,124,53,52.51,-1.16,40.67,HansBug/pindou-color-data mard-221-alfonse-doudou (MIT)
B27,B27,e,208,224,175,86.91,-13.68,22.26,HansBug/pindou-color-data mard-221-alfonse-doudou (MIT)
B28,B28,f,158,229,187,85.45,-30.75,13.51,HansBug/pindou-color-data mard-221-alfonse-doudou (MIT)
B29,B29,g,198,223,95,84.80,-26.20,58.67,HansBug/pindou-color-data mard-221-alfonse-doudou (MIT)
B30,B30,h,227,251,177,95.37,-19.84,32.96,HansBug/pindou-color-data mard-221-alfonse-doudou (MIT)
B31,B31,i,180,230,145,86.18,-30.88,36.32,HansBug/pindou-color-data mard-221-alfonse-doudou (MIT)
B32,B32,j,146,173,96,67.16,-22.19,36.42,HansBug/pindou-color-data mard-221-alfonse-doudou (MIT)
C1,C1,k,240,254,228,98.04,-9.10,10.86,HansBug/pindou-color-data mard-221-alfonse-doudou (MIT)
C2,C2,l,171,248,254,92.99,-22.05,-10.41,HansBug/pindou-color-data mard-221-alfonse-doudou (MIT)
C3,C3,m,162,224,247,85.86,-14.12,-17.47,HansBug/pindou-color-data mard-221-alfonse-doudou (MIT)
C4,C4,n,68,205,251,77.20,-21.99,-33.13,HansBug/pindou-color-data mard-221-alfonse-doudou (MIT)
C5,C5,o,6,170,223,65.05,-17.60,-36.83,HansBug/pindou-color-data mard-221-alfonse-doudou (MIT)
C6,C6,p,84,167,233,66.06,-5.22,-40.64,HansBug/pindou-color-data mard-221-alfonse-doudou (MIT)
C7,C7,q,57,119,202,49.89,8.06,-48.91,HansBug/pindou-color-data mard-221-alfonse-doudou (MIT)
C8,C8,r,15,82,189,37.50,22.98,-61.42,HansBug/pindou-color-data mard-221-alfonse-doudou (MIT)
C9,C9,s,51,73,195,36.76,34.09,-66.09,HansBug/pindou-color-data mard-221-alfonse-doudou (MIT)
C10,C10,t,60,188,227,71.20,-21.91,-29.45,HansBug/pindou-color-data mard-221-alfonse-doudou (MIT)
C11,C11,u,42,222,211,80.43,-44.61,-6.91,HansBug/pindou-color-data mard-221-alfonse-doudou (MIT)
C12,C12,v,30,51,78,20.80,1.02,-19.11,HansBug/pindou-color-data mard-221-alfonse-doudou (MIT)
C13,C13,w,205,231,254,90.45,-3.81,-14.00,HansBug/pindou-color-data mard-221-alfonse-doudou (MIT)
C14,C14,x,213,252,247,96.20,-13.42,-1.80,HansBug/pindou-color-data mard-221-alfonse-doudou (MIT)
C15,C15,y,33,197,196,72.39,-38.46,-10.80,HansBug/pindou-color-data mard-221-alfonse-doudou (MIT)
C16,C16,z,24,88,162,37.45,8.67,-45.53,HansBug/pindou-color-data mard-221-alfonse-doudou (MIT)
C17,C17,0,2,209,243,77.33,-30.74,-28.70,HansBug/pindou-color-data mard-221-alfonse-doudou (MIT)
C18,C18,1,33,50,68,20.13,-1.11,-13.40,HansBug/pindou-color-data mard-221-alfonse-doudou (MIT)
C19,C19,2,24,134,157,51.47,-20.70,-20.55,HansBug/pindou-color-data mard-221-alfonse-doudou (MIT)
C20,C20,3,26,112,169,45.18,-3.61,-37.35,HansBug/pindou-color-data mard-221-alfonse-doudou (MIT)
C21,C21,4,188,221,252,86.72,-4.12,-18.67,HansBug/pindou-color-data mard-221-alfonse-doudou (MIT)
C22,C22,5,107,177,187,68.14,-19.39,-12.02,HansBug/pindou-color-data mard-221-alfonse-doudou (MIT)
C23,C23,6,200,226,253,88.81,-2.95,-15.97,HansBug/pindou-color-data mard-221-alfonse-doudou (MIT)
C24,C24,7,126,197,249,76.80,-8.40,-32.50,HansBug/pindou-color-data mard-221-alfonse-doudou (MIT)
C25,C25,8,169,232,224,87.74,-21.43,-2.53,HansBug/pindou-color-data mard-221-alfonse-doudou (MIT)
C26,C26,9,66,173,207,66.17,-19.73,-26.20,HansBug/pindou-color-data mard-221-alfonse-doudou (MIT)
C27,C27,!,208,222,249,88.20,0.72,-14.72,HansBug/pindou-color-data mard-221-alfonse-doudou (MIT)
C28,C28,@,189,206,232,82.26,-0.38,-14.76,HansBug/pindou-color-data mard-221-alfonse-doudou (MIT)
C29,C29,#,54,74,137,32.89,12.72,-37.62,HansBug/pindou-color-data mard-221-alfonse-doudou (MIT)
D1,D1,$,172,183,239,75.37,8.51,-29.10,HansBug/pindou-color-data mard-221-alfonse-doudou (MIT)
D2,D2,%,134,141,211,60.62,14.32,-36.77,HansBug/pindou-color-data mard-221-alfonse-doudou (MIT)
D3,D3,^,53,84,175,38.19,19.87,-52.02,HansBug/pindou-color-data mard-221-alfonse-doudou (MIT)
D4,D4,&,22,45,123,21.86,22.18,-46.78,HansBug/pindou-color-data mard-221-alfonse-doudou (MIT)
D5,D5,*,179,78,198,50.82,58.05,-44.52,HansBug/pindou-color-data mard-221-alfonse-doudou (MIT)
D6,D6,(,179,123,220,60.71,39.61,-41.39,HansBug/pindou-color-data mard-221-alfonse-doudou (MIT)
D7,D7,),135,88,169,45.63,34.91,-36.20,HansBug/pindou-color-data mard-221-alfonse-doudou (MIT)
D8,D8,[,227,210,254,86.79,14.02,-19.34,HansBug/pindou-color-data mard-221-alfonse-doudou (MIT)
D9,D9,],213,185,244,79.26,20.98,-25.56,HansBug/pindou-color-data mard-221-alfonse-doudou (MIT)
D10,D10,{,48,26,73,14.67,22.06,-25.34,HansBug/pindou-color-data mard-221-alfonse-doudou (MIT)
D11,D11,},190,185,226,76.76,9.92,-19.83,HansBug/pindou-color-data mard-221-alfonse-doudou (MIT)
D12,D12,<,220,153,206,71.18,33.27,-17.08,HansBug/pindou-color-data mard-221-alfonse-doudou (MIT)
D13,D13,>,181,3,141,40.92,70.25,-26.30,HansBug/pindou-color-data mard-221-alfonse-doudou (MIT)
D14,D14,?,134,41,147,35.52,53.38,-39.04,HansBug/pindou-color-data mard-221-alfonse-doudou (MIT)
D15,D15,/,47,31,140,21.86,40.17,-57.42,HansBug/pindou-color-data mard-221-alfonse-doudou (MIT)
D16,D16,|,226,228,240,90.76,1.55,-6.06,HansBug/pindou-color-data mard-221-alfonse-doudou (MIT)
D17,D17,~,199,211,249,84.78,3.74,-19.94,HansBug/pindou-color-data mard-221-alfonse-doudou (MIT)
D18,D18,+,154,100,184,51.20,37.12,-36.03,HansBug/pindou-color-data mard-221-alfonse-doudou (MIT)
D19,D19,=,216,194,217,80.85,11.80,-8.63,HansBug/pindou-color-data mard-221-alfonse-doudou (MIT)
D20,D20,A,154,53,173,41.90,58.10,-44.33,HansBug/pindou-color-data mard-221-alfonse-doudou (MIT)
D21,D21,B,148,5,149,35.15,65.00,-40.72,HansBug/pindou-color-data mard-221-alfonse-doudou (MIT)
D22,D22,C,56,56,154,29.42,31.09,-53.64,HansBug/pindou-color-data mard-221-alfonse-doudou (MIT)
D23,D23,D,234,219,248,89.36,10.36,-12.26,HansBug/pindou-color-data mard-221-alfonse-doudou (MIT)
D24,D24,E,118,138,225,59.40,15.99,-46.58,HansBug/pindou-color-data mard-221-alfonse-doudou (MIT)
D25,D25,F,73,80,194,39.66,32.39,-60.72,HansBug/pindou-color-data mard-221-alfonse-doudou (MIT)
D26,D26,G,214,198,235,82.21,12.46,-16.26,HansBug/pindou-color-data mard-221-alfonse-doudou (MIT)
E1,E1,H,246,212,203,87.48,10.45,8.82,HansBug/pindou-color-data mard-221-alfonse-doudou (MIT)
E2,E2,I,252,193,221,83.99,25.34,-5.75,HansBug/pindou-color-data mard-221-alfonse-doudou (MIT)
E3,E3,J,246,189,232,82.81,27.26,-13.46,HansBug/pindou-color-data mard-221-alfonse-doudou (MIT)
E4,E4,K,232,100,158,60.55,56.85,-5.77,HansBug/pindou-color-data mard-221-alfonse-doudou (MIT)
E5,E5,L,240,86,159,59.60,65.32,-7.62,HansBug/pindou-color-data mard-221-alfonse-doudou (MIT)
E6,E6,M,235,65,114,54.72,67.32,11.70,HansBug/pindou-color-data mard-221-alfonse-doudou (MIT)
E7,E7,N,197,54,116,46.67,60.56,-1.95,HansBug/pindou-color-data mard-221-alfonse-doudou (MIT)
E8,E8,O,253,219,233,90.52,14.03,-2.50,HansBug/pindou-color-data mard-221-alfonse-doudou (MIT)
E9,E9,P,227,118,199,64.49,52.51,-23.28,HansBug/pindou-color-data mard-221-alfonse-doudou (MIT)
E10,E10,Q,209,59,149,50.51,65.72,-15.92,HansBug/pindou-color-data mard-221-alfonse-doudou (MIT)
E11,E11,R,247,218,212,89.24,9.07,6.62,HansBug/pindou-color-data mard-221-alfonse-doudou (MIT)
E12,E12,S,246,147,191,72.38,42.78,-6.69,HansBug/pindou-color-data mard-221-alfonse-doudou (MIT)
E13,E13,T,181,2,106,39.42,66.60,-6.80,HansBug/pindou-color-data mard-221-alfonse-doudou (MIT)
E14,E14,U,250,212,191,87.57,10.16,15.32,HansBug/pindou-color-data mard-221-alfonse-doudou (MIT)
E15,E15,V,245,201,202,84.72,15.70,5.36,HansBug/pindou-color-data mard-221-alfonse-doudou (MIT)
E16,E16,W,251,244,236,96.52,0.98,4.67,HansBug/pindou-color-data mard-221-alfonse-doudou (MIT)
E17,E17,X,247,227,236,92.03,8.34,-1.91,HansBug/pindou-color-data mard-221-alfonse-doudou (MIT)
E18,E18,Y,249,200,219,85.28,20.30,-2.82,HansBug/pindou-color-data mard-221-alfonse-doudou (MIT)
E19,E19,Z,246,187,209,81.69,24.52,-2.77,HansBug/pindou-color-data mard-221-alfonse-doudou (MIT)
E20,E20,a,215,198,206,81.45,7.34,-1.84,HansBug/pindou-color-data mard-221-alfonse-doudou (MIT)
E21,E21,b,192,157,164,68.02,14.08,1.24,HansBug/pindou-color-data mard-221-alfonse-doudou (MIT)
E22,E22,c,179,140,159,62.37,17.90,-4.37,HansBug/pindou-color-data mard-221-alfonse-doudou (MIT)
E23,E23,d,147,125,138,54.77,10.79,-3.89,HansBug/pindou-color-data mard-221-alfonse-doudou (MIT)
E24,E24,e,222,190,229,80.75,18.20,-15.18,HansBug/pindou-color-data mard-221-alfonse-doudou (MIT)
F1,F1,f,254,147,129,71.91,38.42,27.08,HansBug/pindou-color-data mard-221-alfonse-doudou (MIT)
F2,F2,g,246,61,75,55.52,69.34,36.12,HansBug/pindou-color-data mard-221-alfonse-doudou (MIT)
F3,F3,h,238,78,62,56.06,60.47,43.60,HansBug/pindou-color-data mard-221-alfonse-doudou (MIT)
F4,F4,i,251,42,64,54.59,75.16,41.55,HansBug/pindou-color-data mard-221-alfonse-doudou (MIT)
F5,F5,j,225,3,40,47.27,73.18,45.61,HansBug/pindou-color-data mard-221-alfonse-doudou (MIT)
F6,F6,k,145,54,53,35.82,38.40,20.87,HansBug/pindou-color-data mard-221-alfonse-doudou (MIT)
F7,F7,l,145,25,50,31.68,49.42,17.46,HansBug/pindou-color-data mard-221-alfonse-doudou (MIT)
F8,F8,m,187,1,38,39.12,64.00,35.96,HansBug/pindou-color-data mard-221-alfonse-doudou (MIT)
F9,F9,n,224,103,122,58.93,48.90,12.63,HansBug/pindou-color-data mard-221-alfonse-doudou (MIT)
F10,F10,o,135,70,40,37.27,25.10,30.03,HansBug/pindou-color-data mard-221-alfonse-doudou (MIT)
F11,F11,p,89,35,35,21.75,24.92,12.40,HansBug/pindou-color-data mard-221-alfonse-doudou (MIT)
F12,F12,q,243,83,107,58.32,62.61,21.01,HansBug/pindou-color-data mard-221-alfonse-doudou (MIT)
F13,F13,r,244,92,69,59.27,57.05,43.70,HansBug/pindou-color-data mard-221-alfonse-doudou (MIT)
F14,F14,s,252,173,178,78.34,29.59,9.21,HansBug/pindou-color-data mard-221-alfonse-doudou (MIT)
F15,F15,t,213,5,39,44.80,70.06,42.92,HansBug/pindou-color-data mard-221-alfonse-doudou (MIT)
F16,F16,u,248,192,169,82.12,16.96,19.31,HansBug/pindou-color-data mard-221-alfonse-doudou (MIT)
F17,F17,v,232,155,125,70.93,25.42,27.47,HansBug/pindou-color-data mard-221-alfonse-doudou (MIT)
F18,F18,w,208,127,74,60.85,26.56,41.51,HansBug/pindou-color-data mard-221-alfonse-doudou (MIT)
F19,F19,x,190,69,74,46.58,48.92,23.39,HansBug/pindou-color-data mard-221-alfonse-doudou (MIT)
F20,F20,y,198,148,149,66.02,18.95,6.83,HansBug/pindou-color-data mard-221-alfonse-doudou (MIT)
F21,F21,z,242,184,198,80.31,23.00,1.09,HansBug/pindou-color-data mard-221-alfonse-doudou (MIT)
F22,F22,0,247,195,208,83.63,20.49,0.61,HansBug/pindou-color-data mard-221-alfonse-doudou (MIT)
F23,F23,1,237,128,108,65.38,39.94,29.61,HansBug/pindou-color-data mard-221-alfonse-doudou (MIT)
F24,F24,2,224,157,175,71.59,27.51,0.73,HansBug/pindou-color-data mard-221-alfonse-doudou (MIT)
F25,F25,3,232,72,84,54.48,61.93,29.06,HansBug/pindou-color-data mard-221-alfonse-doudou (MIT)
G1,G1,4,255,228,211,92.33,6.59,11.66,HansBug/pindou-color-data mard-221-alfonse-doudou (MIT)
G2,G2,5,252,198,172,84.00,15.69,20.38,HansBug/pindou-color-data mard-221-alfonse-doudou (MIT)
G3,G3,6,241,196,165,82.32,11.70,21.61,HansBug/pindou-color-data mard-221-alfonse-doudou (MIT)
G4,G4,7,220,179,135,75.58,8.91,28.07,HansBug/pindou-color-data mard-221-alfonse-doudou (MIT)
G5,G5,8,231,179,78,75.93,8.57,57.18,HansBug/pindou-color-data mard-221-alfonse-doudou (MIT)
G6,G6,9,227,160,20,70.54,14.87,71.70,HansBug/pindou-color-data mard-221-alfonse-doudou (MIT)
G7,G7,!,152,92,58,45.13,21.17,29.70,HansBug/pindou-color-data mard-221-alfonse-doudou (MIT)
G8,G8,@,113,61,47,31.93,21.24,18.58,HansBug/pindou-color-data mard-221-alfonse-doudou (MIT)
G9,G9,#,228,182,133,77.07,10.28,31.24,HansBug/pindou-color-data mard-221-alfonse-doudou (MIT)
G10,G10,$,218,140,66,65.01,23.25,50.47,HansBug/pindou-color-data mard-221-alfonse-doudou (MIT)
G11,G11,%,218,200,152,81.01,-0.88,26.34,HansBug/pindou-color-data mard-221-alfonse-doudou (MIT)
G12,G12,^,254,201,147,84.46,12.04,34.13,HansBug/pindou-color-data mard-221-alfonse-doudou (MIT)
G13,G13,&,178,113,75,53.80,21.78,31.59,HansBug/pindou-color-data mard-221-alfonse-doudou (MIT)
G14,G14,*,139,104,76,46.86,10.23,21.20,HansBug/pindou-color-data mard-221-alfonse-doudou (MIT)
G15,G15,(,246,248,227,96.93,-4.23,9.85,HansBug/pindou-color-data mard-221-alfonse-doudou (MIT)
G16,G16,),242,216,193,87.89,5.44,14.62,HansBug/pindou-color-data mard-221-alfonse-doudou (MIT)
G17,G17,[,119,84,78,39.26,13.69,9.29,HansBug/pindou-color-data mard-221-alfonse-doudou (MIT)
G18,G18,],255,227,213,92.13,7.41,10.33,HansBug/pindou-color-data mard-221-alfonse-doudou (MIT)
G19,G19,{,221,125,65,62.02,32.41,47.83,HansBug/pindou-color-data mard-221-alfonse-doudou (MIT)
G20,G20,},165,69,47,41.94,38.23,32.66,HansBug/pindou-color-data mard-221-alfonse-doudou (MIT)
G21,G21,<,179,133,97,59.18,13.08,26.26,HansBug/pindou-color-data mard-221-alfonse-doudou (MIT)
H1,H1,>,255,255,255,100.00,0.01,-0.01,HansBug/pindou-color-data mard-221-alfonse-doudou (MIT)
H2,H2,?,251,251,251,98.62,0.01,-0.01,HansBug/pindou-color-data mard-221-alfonse-doudou (MIT)
H3,H3,/,180,180,180,73.31,0.00,-0.01,HansBug/pindou-color-data mard-221-alfonse-doudou (MIT)
H4,H4,|,135,135,135,56.32,0.00,-0.01,HansBug/pindou-color-data mard-221-alfonse-doudou (MIT)
H5,H5,~,70,70,72,29.79,0.45,-1.20,HansBug/pindou-color-data mard-221-alfonse-doudou (MIT)
H6,H6,+,44,44,44,18.00,0.00,-0.00,HansBug/pindou-color-data mard-221-alfonse-doudou (MIT)
H7,H7,=,1,1,1,0.27,0.00,-0.00,HansBug/pindou-color-data mard-221-alfonse-doudou (MIT)
H8,H8,A,231,214,220,87.12,6.88,-0.84,HansBug/pindou-color-data mard-221-alfonse-doudou (MIT)
H9,H9,B,239,237,238,93.92,0.85,-0.26,HansBug/pindou-color-data mard-221-alfonse-doudou (MIT)
H10,H10,C,235,235,235,93.05,0.00,-0.01,HansBug/pindou-color-data mard-221-alfonse-doudou (MIT)
H11,H11,D,205,205,205,82.41,0.00,-0.01,HansBug/pindou-color-data mard-221-alfonse-doudou (MIT)
H12,H12,E,253,246,238,97.21,0.98,4.66,HansBug/pindou-color-data mard-221-alfonse-doudou (MIT)
H13,H13,F,244,237,241,94.38,3.05,-1.11,HansBug/pindou-color-data mard-221-alfonse-doudou (MIT)
H14,H14,G,206,215,212,85.24,-3.59,0.41,HansBug/pindou-color-data mard-221-alfonse-doudou (MIT)
H15,H15,H,154,166,166,67.20,-4.22,-1.46,HansBug/pindou-color-data mard-221-alfonse-doudou (MIT)
H16,H16,I,27,18,19,6.44,4.44,0.91,HansBug/pindou-color-data mard-221-alfonse-doudou (MIT)
H17,H17,J,240,238,239,94.27,0.85,-0.26,HansBug/pindou-color-data mard-221-alfonse-doudou (MIT)
H18,H18,K,252,255,246,99.56,-2.54,3.94,HansBug/pindou-color-data mard-221-alfonse-doudou (MIT)
H19,H19,L,242,238,229,94.18,-0.20,4.81,HansBug/pindou-color-data mard-221-alfonse-doudou (MIT)
H20,H20,M,150,160,159,65.06,-3.75,-0.71,HansBug/pindou-color-data mard-221-alfonse-doudou (MIT)
H21,H21,N,248,251,230,97.90,-4.56,9.71,HansBug/pindou-color-data mard-221-alfonse-doudou (MIT)
H22,H22,O,202,202,210,81.54,1.49,-3.98,HansBug/pindou-color-data mard-221-alfonse-doudou (MIT)
H23,H23,P,155,156,148,64.07,-1.86,4.05,HansBug/pindou-color-data mard-221-alfonse-doudou (MIT)
M1,M1,Q,187,198,182,78.65,-6.72,6.71,HansBug/pindou-color-data mard-221-alfonse-doudou (MIT)
M2,M2,R,144,153,148,62.38,-4.21,1.50,HansBug/pindou-color-data mard-221-alfonse-doudou (MIT)
M3,M3,S,105,126,129,51.28,-6.91,-4.18,HansBug/pindou-color-data mard-221-alfonse-doudou (MIT)
M4,M4,T,224,212,188,85.28,0.21,13.36,HansBug/pindou-color-data mard-221-alfonse-doudou (MIT)
M5,M5,U,209,204,175,81.75,-3.10,15.09,HansBug/pindou-color-data mard-221-alfonse-doudou (MIT)
M6,M6,V,176,170,134,69.26,-3.78,19.37,HansBug/pindou-color-data mard-221-alfonse-doudou (MIT)
M7,M7,W,176,167,150,68.80,0.31,9.95,HansBug/pindou-color-data mard-221-alfonse-doudou (MIT)
M8,M8,X,174,128,130,58.08,18.07,5.91,HansBug/pindou-color-data mard-221-alfonse-doudou (MIT)
M9,M9,Y,166,136,98,58.60,6.05,24.69,HansBug/pindou-color-data mard-221-alfonse-doudou (MIT)
M10,M10,Z,196,179,187,74.55,7.47,-1.87,HansBug/pindou-color-data mard-221-alfonse-doudou (MIT)
M11,M11,a,157,118,147,54.27,20.21,-9.76,HansBug/pindou-color-data mard-221-alfonse-doudou (MIT)
M12,M12,b,100,75,81,34.67,11.63,0.55,HansBug/pindou-color-data mard-221-alfonse-doudou (MIT)
M13,M13,c,199,146,102,64.69,14.73,31.10,HansBug/pindou-color-data mard-221-alfonse-doudou (MIT)
M14,M14,d,194,117,99,57.17,28.29,22.81,HansBug/pindou-color-data mard-221-alfonse-doudou (MIT)
M15,M15,e,116,125,122,51.59,-3.96,0.48,HansBug/pindou-color-data mard-221-alfonse-doudou (MIT)
