cat,file,gate,old_colors,new_colors,old_comp,new_comp,old_frag,new_frag,old_dark,new_dark,agree_pct
cartoons,cartoons_001.jpg,1,14,17,153,126,131,111,3183,3239,37.2
cartoons,cartoons_002.jpg,1,23,37,213,275,184,241,2928,2543,4.0
cartoons,cartoons_003.jpg,0,6,3,147,30,122,27,3255,3332,90.2
cartoons,cartoons_004.jpg,1,41,29,342,130,317,85,1212,939,21.2
cartoons,cartoons_005.jpg,0,10,12,301,284,293,239,143,218,32.4
cartoons,cartoons_006.jpg,0,9,8,566,424,538,403,414,571,45.7
cartoons,cartoons_007.jpg,1,10,18,193,297,158,248,2760,2330,33.6
cartoons,cartoons_008.jpg,0,9,7,547,280,493,236,238,454,65.7
cartoons,cartoons_009.jpg,0,10,8,526,270,488,218,395,613,48.7
cartoons,cartoons_010.jpg,0,8,6,286,166,252,145,700,784,69.1
cartoons,cartoons_011.jpg,0,9,9,349,259,288,171,479,574,47.1
cartoons,cartoons_012.jpg,0,7,5,285,136,226,115,979,1014,67.0
cartoons,cartoons_013.jpg,0,10,10,460,236,415,203,567,801,72.6
cartoons,cartoons_014.jpg,0,9,7,210,85,180,69,63,88,81.7
cartoons,cartoons_015.jpg,0,7,7,363,288,325,238,581,679,56.7
cartoons,cartoons_016.jpg,0,9,8,524,362,469,261,535,681,63.0
cartoons,cartoons_017.jpg,0,8,6,336,232,294,197,255,433,30.2
cartoons,cartoons_018.jpg,0,9,8,250,164,263,121,90,270,30.1
cartoons,cartoons_019.jpg,0,9,7,403,309,341,245,289,562,33.7
cartoons,cartoons_020.jpg,0,9,8,216,113,194,73,250,420,76.5
cartoons,cartoons_021.jpg,0,7,7,563,196,493,166,701,706,60.3
cartoons,cartoons_022.jpg,0,11,16,308,378,257,325,523,567,33.9
cartoons,cartoons_023.jpg,0,10,10,548,324,504,261,380,545,48.8
cartoons,cartoons_024.jpg,0,9,7,507,324,420,207,874,1153,41.5
cartoons,cartoons_025.jpg,0,10,8,728,398,676,376,411,1170,54.1
cartoons,cartoons_026.jpg,1,28,12,227,60,233,36,2788,2762,78.2
cartoons,cartoons_027.jpg,0,8,7,235,118,208,86,391,476,53.1
cartoons,cartoons_028.jpg,0,37,40,433,392,375,327,909,918,54.6
cartoons,cartoons_029.jpg,0,10,9,561,338,512,293,751,1042,48.2
cartoons,cartoons_030.jpg,0,3,2,4,125,4,112,0,0,79.0
cartoons,cartoons_031.jpg,0,9,7,199,118,175,104,1629,1889,81.5
cartoons,cartoons_032.jpg,0,9,8,317,192,275,154,754,889,56.6
cartoons,cartoons_033.jpg,0,8,12,252,149,221,117,1010,1082,70.7
cartoons,cartoons_034.jpg,0,27,36,305,352,265,322,504,622,59.2
cartoons,cartoons_035.jpg,0,11,20,588,1437,499,1518,221,1394,14.6
cartoons,cartoons_036.jpg,0,9,8,299,159,246,112,1156,1205,62.3
cartoons,cartoons_037.jpg,0,9,7,542,273,463,206,988,1173,52.6
cartoons,cartoons_038.jpg,0,7,7,102,29,110,29,3238,3339,4.4
cartoons,cartoons_039.jpg,0,9,8,365,261,331,239,201,503,47.7
cartoons,cartoons_040.jpg,1,16,30,493,480,421,391,926,804,41.6
cartoons,cartoons_041.jpg,0,19,19,591,483,539,473,114,484,65.7
cartoons,cartoons_042.jpg,0,23,9,339,104,328,81,94,217,5.3
cartoons,cartoons_043.jpg,0,10,8,631,399,574,301,1708,1864,59.1
cartoons,cartoons_044.jpg,0,8,8,639,398,568,335,1048,1146,53.7
cartoons,cartoons_045.jpg,0,8,7,459,318,395,283,687,778,68.0
cartoons,cartoons_046.jpg,0,9,7,232,100,199,79,300,435,71.1
cartoons,cartoons_047.jpg,0,7,8,357,207,365,179,633,689,48.6
cartoons,cartoons_048.jpg,0,10,8,510,315,457,250,535,615,49.4
cartoons,cartoons_049.jpg,0,8,5,379,145,365,152,3155,3257,83.0
lineart,lineart_001.jpg,0,17,21,219,243,210,237,1,132,12.0
lineart,lineart_002.jpg,0,5,4,721,246,633,260,0,2497,22.4
lineart,lineart_003.jpg,0,10,4,606,31,612,25,1599,1878,77.1
lineart,lineart_004.jpg,0,8,6,857,825,775,773,34,1576,25.7
lineart,lineart_006.jpg,0,8,7,636,329,570,289,1,914,34.1
lineart,lineart_007.jpg,0,10,4,261,33,282,31,502,649,90.7
lineart,lineart_008.jpg,0,10,3,367,80,375,66,90,507,82.4
lineart,lineart_009.jpg,0,6,3,34,12,32,11,0,45,98.2
lineart,lineart_010.jpg,0,7,22,691,1795,577,1794,3,1686,10.0
lineart,lineart_011.jpg,0,9,6,1029,290,957,256,450,1549,40.8
lineart,lineart_012.jpg,0,1,1,1,1,0,0,3364,3364,100.0
lineart,lineart_013.jpg,0,9,4,565,160,587,124,34,598,77.3
lineart,lineart_014.jpg,0,10,4,109,51,92,36,105,235,91.3
lineart,lineart_018.jpg,0,10,5,273,39,272,30,186,380,89.8
lineart,lineart_019.jpg,0,10,4,347,50,363,27,221,467,86.8
lineart,lineart_020.jpg,0,10,4,1364,364,1436,376,377,2087,26.4
lineart,lineart_021.jpg,0,11,15,647,455,603,399,1174,1790,60.2
lineart,lineart_023.jpg,0,10,4,327,64,289,50,163,514,83.4
lineart,lineart_024.jpg,0,10,4,442,68,469,55,262,639,82.8
lineart,lineart_025.jpg,0,16,14,280,122,289,106,157,508,81.5
lineart,lineart_029.jpg,0,8,5,526,379,470,322,1,1346,51.8
lineart,lineart_031.jpg,0,13,18,517,1086,438,1022,187,1486,19.1
lineart,lineart_032.jpg,0,11,12,745,932,645,874,181,1219,30.7
lineart,lineart_034.jpg,0,6,4,101,126,80,120,0,302,89.3
lineart,lineart_035.jpg,0,10,7,1224,566,1153,528,705,2189,30.0
lineart,lineart_037.jpg,0,20,19,1361,893,1333,912,62,471,28.1
lineart,lineart_038.jpg,0,16,21,1462,968,1384,952,518,771,31.1
lineart,lineart_040.jpg,0,13,21,1199,1619,1102,1616,1057,1609,25.9
lineart,lineart_043.jpg,0,11,17,709,930,632,870,361,780,19.3
lineart,lineart_044.jpg,0,12,15,259,576,211,538,342,427,37.1
lineart,lineart_045.jpg,0,9,5,475,128,503,109,255,583,82.3
lineart,lineart_046.jpg,0,10,11,979,797,878,667,1039,1523,39.1
lineart,lineart_047.jpg,0,10,4,386,71,404,61,219,456,86.2
lineart,lineart_048.jpg,0,9,4,271,39,287,30,184,306,91.3
lineart,lineart_049.jpg,0,8,11,263,60,245,65,0,66,82.0
lineart,lineart_x_101.jpg,0,7,14,158,322,134,320,0,230,7.3
lineart,lineart_x_102.jpg,0,6,14,265,351,235,330,0,277,6.1
lineart,lineart_x_103.jpg,0,12,19,529,821,428,770,211,496,44.3
lineart,lineart_x_104.jpg,0,15,18,358,376,345,365,207,472,68.1
lineart,lineart_x_105.jpg,0,15,17,325,493,317,459,48,154,59.9
lineart,lineart_x_106.jpg,0,8,15,472,716,448,681,151,151,30.4
lineart,lineart_x_107.jpg,0,10,15,463,670,428,629,187,996,8.4
lineart,lineart_x_108.jpg,0,13,15,803,555,730,512,883,1027,47.0
lineart,lineart_x_109.jpg,0,10,15,398,595,323,560,82,690,16.6
lineart,lineart_x_110.jpg,0,12,18,605,786,533,744,652,987,41.7
lineart,lineart_x_111.jpg,0,10,8,244,27,221,27,174,193,5.4
lineart,lineart_x_112.jpg,0,13,9,190,81,177,77,178,242,3.6
lineart,lineart_x_113.jpg,0,7,9,253,530,219,499,177,543,34.6
lineart,lineart_x_114.jpg,0,7,8,256,344,227,332,176,619,15.7
lineart,lineart_x_115.jpg,0,7,7,224,212,196,179,183,539,80.5
pixelart,pixelart_001.jpg,1,16,9,1372,672,1361,627,1315,2162,16.7
pixelart,pixelart_005.jpg,0,8,6,54,30,24,4,336,405,72.5
pixelart,pixelart_006.jpg,1,27,13,108,30,70,4,835,826,78.5
pixelart,pixelart_011.jpg,0,18,6,83,15,80,1,481,450,12.8
pixelart,pixelart_014.jpg,0,39,14,339,158,330,126,224,352,69.2
pixelart,pixelart_017.jpg,0,33,8,111,19,61,0,442,438,85.9
pixelart,pixelart_018.jpg,1,46,73,959,967,875,880,1756,1540,31.4
pixelart,pixelart_019.jpg,1,61,75,993,744,893,646,2259,1707,21.7
pixelart,pixelart_020.jpg,0,52,59,972,653,912,576,1078,978,50.4
pixelart,pixelart_040.jpg,0,29,29,249,193,203,153,1399,249,40.9
pixelart,pixelart_042.jpg,1,37,41,468,458,457,423,2797,2809,17.3
pixelart,pixelart_x_101.jpg,0,36,43,633,719,553,599,890,1121,49.1
pixelart,pixelart_x_102.jpg,0,26,37,638,534,568,461,950,1085,57.3
pixelart,pixelart_x_103.jpg,1,41,49,913,585,830,522,1572,1663,35.0
pixelart,pixelart_x_104.jpg,1,36,47,834,661,758,615,2456,2091,36.7
pixelart,pixelart_x_105.jpg,1,34,54,669,690,568,622,2380,2157,40.7
pixelart,pixelart_x_106.jpg,1,33,32,672,434,596,375,1636,1355,18.5
pixelart,pixelart_x_107.jpg,1,60,67,1242,956,1219,888,2333,2098,32.1
pixelart,pixelart_x_108.jpg,1,34,49,1268,1759,1225,1752,1701,1624,21.2
pixelart,pixelart_x_109.jpg,1,59,46,1200,615,1130,570,2741,2445,29.1
pixelart,pixelart_x_110.jpg,1,58,52,1193,679,1125,633,2745,2423,29.5
pixelart,pixelart_x_111.jpg,0,23,29,578,446,525,395,999,1215,54.1
pixelart,pixelart_x_112.jpg,0,26,31,423,453,361,365,1218,1467,46.9
pixelart,pixelart_x_113.jpg,0,26,35,629,420,619,370,1147,1329,36.7
pixelart,pixelart_x_114.jpg,1,32,39,581,658,521,572,1517,1650,45.9
pixelart,pixelart_x_115.jpg,0,68,57,1284,810,1308,832,564,1027,49.6
pixelart,pixelart_x_116.jpg,1,33,36,587,569,540,487,1837,1041,29.1
pixelart,pixelart_x_117.jpg,0,25,14,119,48,51,19,1075,1236,83.6
pixelart,pixelart_x_121.jpg,1,40,41,613,605,560,521,1628,1555,31.1
pixelart,pixelart_x_122.jpg,1,34,45,424,271,443,267,3054,2975,82.4
pixelart,pixelart_x_123.jpg,0,11,4,57,19,6,1,32,47,87.1
pixelart,pixelart_x_125.jpg,0,9,2,157,18,168,0,1321,1458,37.4
pixelart,pixelart_x_128.jpg,1,19,21,75,91,68,57,3040,2087,25.9
pixelart,pixelart_x_131.jpg,1,30,34,204,218,193,200,328,263,84.5
pixelart,pixelart_x_132.jpg,1,44,48,552,505,507,429,1653,1646,43.0
pixelart,pixelart_x_133.jpg,1,23,44,201,350,162,277,2602,1855,28.3
pixelart,pixelart_x_134.jpg,1,29,35,631,534,598,479,1055,1022,62.3
pixelart,pixelart_x_135.jpg,1,32,52,998,1238,907,1140,2252,1603,10.2
pixelart,pixelart_x_136.jpg,1,24,29,358,483,319,399,2130,1162,13.8
pixelart,pixelart_x_137.jpg,1,45,53,1001,1116,964,1026,1389,1218,31.3
pixelart,pixelart_x_138.jpg,1,24,26,125,128,107,104,3285,3255,86.6
pixelart,pixelart_x_139.jpg,1,38,55,557,461,510,420,2103,1019,16.9
pixelart,pixelart_x_140.jpg,1,40,54,533,606,468,527,2233,1980,24.8
pixelart,pixelart_x_141.jpg,0,35,41,568,539,512,429,1382,1246,51.0
pixelart,pixelart_x_142.jpg,0,6,7,131,87,129,83,0,18,75.2
pixelart,pixelart_x_143.jpg,1,37,46,505,357,435,277,1291,926,24.0
pixelart,pixelart_x_144.jpg,1,47,70,607,633,551,522,2424,1934,24.6
pixelart,pixelart_x_145.jpg,1,59,66,502,329,496,287,2447,2202,60.0
pixelart,pixelart_x_146.jpg,1,44,54,782,748,684,605,2065,1808,21.7
landscape,landscape_001.jpg,0,24,27,773,1370,759,1311,236,618,37.1
landscape,landscape_002.jpg,0,24,30,393,555,351,521,678,668,51.1
landscape,landscape_003.jpg,0,17,27,184,297,153,259,255,42,45.6
landscape,landscape_004.jpg,0,26,29,329,402,264,353,104,102,58.2
landscape,landscape_005.jpg,0,17,27,297,474,230,381,42,63,56.6
landscape,landscape_006.jpg,0,22,33,258,419,214,340,91,86,49.9
landscape,landscape_009.jpg,0,22,28,514,502,460,421,1021,1229,54.6
landscape,landscape_010.jpg,1,16,46,497,624,445,539,2966,2274,15.9
landscape,landscape_011.jpg,0,26,34,496,494,457,457,949,1123,44.1
landscape,landscape_012.jpg,1,38,48,929,1002,880,969,1510,1271,37.4
landscape,landscape_013.jpg,1,40,43,655,803,592,713,1859,1492,33.7
landscape,landscape_014.jpg,1,33,41,402,364,367,326,1419,736,29.7
landscape,landscape_015.jpg,0,22,21,200,204,182,196,473,449,71.2
landscape,landscape_016.jpg,1,25,33,712,929,628,889,2338,1739,25.1
landscape,landscape_018.jpg,1,26,29,543,548,496,501,1569,1694,47.3
landscape,landscape_019.jpg,0,21,26,161,249,97,207,1346,1022,51.9
landscape,landscape_020.jpg,1,26,31,437,342,379,308,1341,514,31.0
landscape,landscape_021.jpg,1,30,44,637,639,604,640,1482,1558,20.0
landscape,landscape_023.jpg,0,18,17,603,465,550,414,915,688,59.9
landscape,landscape_024.jpg,0,12,11,123,141,96,108,1499,1534,59.4
landscape,landscape_025.jpg,1,16,20,476,333,431,281,2162,2318,32.7
landscape,landscape_026.jpg,1,20,20,282,284,234,241,2046,2042,32.6
landscape,landscape_027.jpg,1,27,50,706,1027,638,967,1897,1536,11.1
landscape,landscape_028.jpg,0,10,8,143,88,106,68,1478,1501,62.5
landscape,landscape_029.jpg,0,12,19,508,666,453,607,448,693,55.6
landscape,landscape_030.jpg,1,12,24,348,451,272,377,3301,2655,32.6
landscape,landscape_036.jpg,0,10,8,141,73,125,56,1781,1817,65.2
landscape,landscape_037.jpg,1,27,28,928,837,854,765,2538,1988,44.2
landscape,landscape_038.jpg,0,30,32,627,382,548,299,929,1066,52.2
landscape,landscape_039.jpg,0,22,32,660,1063,550,973,276,670,41.8
landscape,landscape_040.jpg,0,37,45,645,528,561,459,677,613,42.6
landscape,landscape_041.jpg,0,26,24,140,113,105,87,224,267,81.2
landscape,landscape_042.jpg,1,23,35,1132,1567,1060,1613,2522,1857,17.1
landscape,landscape_043.jpg,1,12,17,193,231,139,175,1406,1415,31.2
landscape,landscape_044.jpg,1,13,17,216,308,165,267,2081,2130,17.8
landscape,landscape_045.jpg,0,13,15,200,180,145,138,821,811,52.3
landscape,landscape_046.jpg,0,30,37,427,353,367,307,570,778,44.8
landscape,landscape_047.jpg,1,24,42,722,1164,626,1124,788,1226,35.1
landscape,landscape_048.jpg,0,20,30,299,485,271,411,605,625,44.7
landscape,landscape_050.jpg,1,36,44,429,360,387,284,1644,1648,36.0
landscape,landscape_x_101.jpg,0,25,33,567,844,490,738,214,324,42.8
landscape,landscape_x_102.jpg,1,34,38,575,618,458,525,1428,1349,31.7
landscape,landscape_x_103.jpg,1,18,28,418,511,314,447,1871,1412,26.2
landscape,landscape_x_104.jpg,0,22,26,671,620,671,548,461,1092,33.6
landscape,landscape_x_105.jpg,1,32,40,764,815,692,747,2088,865,21.5
landscape,landscape_x_106.jpg,1,31,46,766,848,674,771,1518,1265,22.7
landscape,landscape_x_107.jpg,1,17,26,645,582,584,523,1313,1414,27.3
landscape,landscape_x_108.jpg,1,36,44,641,787,565,687,2450,1779,17.1
landscape,landscape_x_109.jpg,0,23,28,643,729,563,657,1043,1134,49.6
landscape,landscape_x_110.jpg,1,25,40,514,672,443,571,1608,1421,20.6
portrait,portrait_001.jpg,1,33,45,811,968,703,881,1809,1529,32.3
portrait,portrait_002.jpg,1,19,30,320,423,285,384,3145,2883,48.6
portrait,portrait_003.jpg,1,17,33,457,628,359,537,3147,2953,28.3
portrait,portrait_004.jpg,1,25,43,728,748,687,693,2785,2750,41.5
portrait,portrait_005.jpg,1,23,46,881,1073,777,968,3114,2553,31.0
portrait,portrait_006.jpg,1,25,36,534,702,451,597,1746,1415,35.3
portrait,portrait_007.jpg,1,26,33,274,409,226,378,2991,2716,12.6
portrait,portrait_008.jpg,0,26,31,350,531,271,445,689,746,47.9
portrait,portrait_009.jpg,1,29,36,259,470,209,393,1923,1204,14.9
portrait,portrait_010.jpg,1,28,31,469,801,405,725,2856,1944,10.6
portrait,portrait_011.jpg,1,19,15,187,105,172,85,1619,1625,40.9
portrait,portrait_012.jpg,1,40,53,886,1009,820,936,2339,2015,27.2
portrait,portrait_013.jpg,1,34,36,915,766,849,643,2864,2495,11.5
portrait,portrait_014.jpg,1,21,36,379,389,373,319,2907,2001,16.3
portrait,portrait_015.jpg,1,31,43,645,776,578,677,1937,1766,16.0
portrait,portrait_017.jpg,1,18,25,284,248,256,237,1061,1025,45.2
portrait,portrait_022.jpg,1,28,36,376,469,348,393,3243,3134,33.3
portrait,portrait_025.jpg,0,18,27,563,442,518,378,952,1078,53.3
portrait,portrait_030.jpg,1,12,22,203,260,171,230,3151,3057,64.7
portrait,portrait_031.jpg,0,10,8,496,359,394,289,2274,2396,68.8
portrait,portrait_032.jpg,0,25,45,315,498,286,476,224,337,20.0
portrait,portrait_033.jpg,1,34,42,692,826,570,721,2265,1607,10.1
portrait,portrait_034.jpg,1,29,39,561,716,468,589,1508,1340,30.0
portrait,portrait_036.jpg,0,32,28,680,612,582,530,1355,1424,52.1
portrait,portrait_037.jpg,0,9,15,272,336,246,309,647,648,30.1
portrait,portrait_039.jpg,0,32,54,685,736,603,645,1364,1275,51.2
portrait,portrait_040.jpg,1,35,53,643,694,538,583,1484,1372,33.1
portrait,portrait_041.jpg,0,23,39,413,643,322,569,943,1312,32.2
portrait,portrait_042.jpg,1,22,42,415,647,321,552,943,1378,27.2
portrait,portrait_043.jpg,1,29,43,453,666,371,556,941,1257,31.5
portrait,portrait_044.jpg,0,10,8,376,198,323,156,744,815,64.8
portrait,portrait_046.jpg,1,9,12,384,417,367,354,1424,1503,48.3
portrait,portrait_048.jpg,0,19,24,183,300,178,276,1034,1060,61.5
portrait,portrait_049.jpg,0,37,42,441,442,368,350,980,932,49.0
portrait,portrait_050.jpg,0,26,33,334,317,283,252,1285,1297,48.2
portrait,portrait_x_101.jpg,1,22,25,499,384,450,361,1960,1771,62.7
portrait,portrait_x_102.jpg,1,15,22,313,452,236,382,2569,1509,3.7
portrait,portrait_x_103.jpg,0,11,13,456,484,379,451,447,443,52.7
portrait,portrait_x_105.jpg,0,20,35,250,294,201,235,449,472,57.8
portrait,portrait_x_106.jpg,0,6,11,182,269,159,236,2969,2807,61.7
portrait,portrait_x_108.jpg,0,29,33,319,374,267,311,1366,1100,45.0
portrait,portrait_x_109.jpg,0,30,33,462,461,401,360,623,611,48.6
portrait,portrait_x_111.jpg,1,23,26,518,528,431,413,1841,1677,26.1
portrait,portrait_x_112.jpg,1,29,29,305,314,273,271,1706,1693,33.4
portrait,portrait_x_113.jpg,1,24,38,480,681,402,598,1712,1345,28.4
portrait,portrait_x_114.jpg,1,30,41,458,451,390,352,762,653,44.5
portrait,portrait_x_115.jpg,1,28,39,273,289,247,262,2245,2251,3.8
portrait,portrait_x_116.jpg,1,34,37,392,415,324,369,1458,1271,26.2
portrait,portrait_x_117.jpg,1,21,44,665,764,583,662,1922,1756,21.1
portrait,portrait_x_118.jpg,1,29,43,791,920,669,787,1604,1317,35.3
food,food_001.jpg,1,23,44,592,742,552,709,2293,2220,34.0
food,food_002.jpg,1,28,34,601,501,561,481,2391,2234,20.7
food,food_003.jpg,1,53,73,1539,1396,1508,1352,2041,1877,17.6
food,food_004.jpg,1,11,17,275,648,224,618,1969,1111,25.7
food,food_005.jpg,0,31,35,663,518,592,453,672,647,61.9
food,food_006.jpg,1,26,49,851,979,731,865,1860,1469,12.9
food,food_007.jpg,1,69,82,1347,1247,1278,1170,1385,1154,26.2
food,food_008.jpg,0,44,55,593,608,547,541,346,429,50.7
food,food_009.jpg,1,51,63,954,834,891,757,1703,1426,31.5
food,food_010.jpg,0,13,17,643,587,574,506,592,629,66.6
food,food_011.jpg,1,43,61,1057,1022,991,986,2177,1478,25.4
food,food_012.jpg,1,44,56,987,1035,880,937,2084,1530,15.8
food,food_013.jpg,1,34,47,1021,1050,933,976,1882,1720,27.3
food,food_014.jpg,1,43,45,1011,926,916,812,1535,1441,33.6
food,food_015.jpg,0,32,34,457,465,415,388,1106,483,37.2
food,food_016.jpg,0,73,71,1395,1141,1355,1106,1038,1004,54.0
food,food_017.jpg,0,38,38,805,807,676,701,989,909,58.4
food,food_018.jpg,0,15,27,195,275,141,214,138,154,59.1
food,food_019.jpg,0,34,42,670,727,602,625,1308,1094,48.7
food,food_020.jpg,0,36,48,1034,968,1018,952,1394,1439,50.4
food,food_021.jpg,1,39,57,542,557,449,474,2064,1465,15.7
food,food_022.jpg,1,39,47,708,477,673,440,1650,1629,51.2
food,food_023.jpg,0,51,54,1195,1143,1147,1077,833,815,50.4
food,food_024.jpg,0,55,67,888,759,796,635,586,721,34.9
food,food_025.jpg,0,28,26,640,681,557,598,1219,1207,49.7
food,food_026.jpg,1,34,28,578,468,508,386,2645,1708,24.4
food,food_027.jpg,1,53,57,855,1060,772,976,2346,1950,11.7
food,food_028.jpg,0,35,37,725,536,652,452,698,716,49.9
food,food_029.jpg,0,28,37,710,917,600,818,731,834,50.6
food,food_030.jpg,0,32,36,858,885,823,835,452,718,43.8
food,food_031.jpg,1,58,80,1404,1444,1315,1431,1668,1551,25.1
food,food_032.jpg,1,41,69,900,954,820,857,2079,1262,10.4
food,food_033.jpg,1,32,52,754,868,679,808,2253,1992,20.8
food,food_034.jpg,0,51,63,901,831,858,805,968,990,44.6
food,food_035.jpg,1,33,68,1042,1221,980,1183,1505,1521,18.1
food,food_036.jpg,1,36,50,462,587,374,537,2428,2071,40.0
food,food_037.jpg,1,43,36,998,824,963,765,1008,1032,47.1
food,food_038.jpg,0,45,47,1106,963,1042,886,1048,984,52.0
food,food_039.jpg,0,51,61,949,865,928,792,242,260,44.7
food,food_040.jpg,1,32,25,484,308,454,277,2715,2281,41.0
food,food_041.jpg,0,10,8,877,588,738,500,1508,2043,47.2
food,food_043.jpg,1,38,65,732,767,639,670,1564,1425,24.2
food,food_044.jpg,0,39,38,812,707,767,666,394,547,50.8
food,food_045.jpg,1,28,46,793,812,704,695,1761,1699,32.6
food,food_046.jpg,0,18,24,1256,1250,1262,1271,257,284,44.5
food,food_047.jpg,0,38,39,695,523,695,507,407,407,35.2
food,food_048.jpg,0,29,31,991,517,919,422,1000,1297,51.2
food,food_049.jpg,0,33,39,895,851,827,727,869,620,35.5
food,food_050.jpg,1,43,56,796,761,724,703,1672,1401,27.9
random,rand_001.jpg,1,19,27,140,173,112,138,540,1172,11.0
random,rand_002.jpg,1,34,62,861,1247,743,1204,1445,1064,17.7
random,rand_003.jpg,1,14,28,203,426,182,377,1403,926,11.9
random,rand_004.jpg,1,25,34,244,313,203,243,1507,1411,41.9
random,rand_005.jpg,1,22,34,697,908,629,823,2282,2072,20.3
random,rand_006.jpg,0,39,45,706,688,679,645,1030,977,55.2
random,rand_007.jpg,0,29,38,411,488,351,421,1368,1247,50.4
random,rand_008.jpg,1,32,30,132,195,71,126,1710,1658,36.0
random,rand_009.jpg,0,25,26,321,338,276,304,1766,1785,77.3
random,rand_010.jpg,1,30,44,510,610,478,538,2375,1913,25.4
random,rand_011.jpg,0,33,52,843,816,787,788,701,958,45.8
random,rand_012.jpg,1,20,17,498,525,416,429,2637,1165,5.0
random,rand_013.jpg,0,9,14,79,155,51,118,0,1,47.2
random,rand_014.jpg,1,21,33,278,465,212,373,1653,1678,16.4
random,rand_015.jpg,0,28,41,1131,1379,1100,1327,350,449,39.3
random,rand_016.jpg,1,9,15,200,268,168,237,3348,3279,20.7
random,rand_017.jpg,1,25,27,593,418,622,383,2366,2313,31.0
random,rand_018.jpg,0,10,8,464,310,380,238,473,615,55.0
random,rand_019.jpg,0,14,24,349,416,255,372,807,1128,35.5
random,rand_020.jpg,0,11,13,289,345,216,290,1193,1160,60.5
random,rand_021.jpg,1,43,51,127,165,89,115,825,710,58.0
random,rand_022.jpg,0,24,34,191,201,153,134,788,806,50.0
random,rand_023.jpg,0,6,6,184,157,174,135,2927,3018,78.4
random,rand_024.jpg,0,14,24,360,523,312,487,1037,1105,61.8
random,rand_025.jpg,1,22,26,489,271,463,267,2151,2171,46.2
random,rand_026.jpg,0,9,8,936,558,836,472,1759,2281,59.1
random,rand_027.jpg,0,19,20,321,334,268,294,1190,1161,48.7
random,rand_028.jpg,1,18,49,413,615,378,539,2074,1740,16.0
random,rand_029.jpg,1,12,23,123,192,110,153,1630,1535,17.1
random,rand_030.jpg,1,12,24,98,244,87,190,3113,2496,8.5
random,rand_031.jpg,0,28,32,749,941,682,849,934,964,39.8
random,rand_032.jpg,0,15,22,699,586,647,532,1191,1338,51.5
random,rand_033.jpg,1,15,22,377,542,341,512,2735,2608,49.2
random,rand_034.jpg,0,10,17,134,354,118,296,945,985,35.5
random,rand_035.jpg,1,28,37,409,398,362,355,1477,1341,24.2
random,rand_036.jpg,0,20,29,698,863,627,800,669,894,42.8
random,rand_038.jpg,1,17,19,173,229,122,193,2022,1973,57.6
random,rand_039.jpg,1,29,35,868,634,824,545,1571,1520,42.5
random,rand_040.jpg,1,33,56,1006,1045,962,981,2261,2057,16.2
random,rand_041.jpg,1,30,40,305,391,267,321,2838,2467,22.6
random,rand_042.jpg,0,23,28,346,477,300,433,1199,1128,43.3
random,rand_043.jpg,1,30,43,1384,1435,1371,1402,2336,2221,19.4
random,rand_044.jpg,1,23,41,480,479,453,410,2857,2640,33.6
random,rand_047.jpg,0,12,18,267,222,237,173,681,749,33.8
random,rand_048.jpg,1,50,43,596,410,633,377,2720,2731,67.6
random,rand_049.jpg,0,7,6,413,248,375,215,1126,1400,67.7
random,rand_050.jpg,0,11,20,171,193,133,146,890,953,62.3
random,rand_051.jpg,0,19,33,196,246,144,195,517,540,57.6
random,rand_052.jpg,1,26,31,454,539,395,482,670,532,50.0
random,rand_053.jpg,1,22,33,509,583,432,518,2003,1106,13.1
