cat,file,gate,old_colors,new_colors,old_frag,new_frag,old_frag2,new_frag2,old_dark,new_dark,ol_old,ol_new,colout_old,colout_new,de_old,de_new,de_new_adj,de_delta,lum_dev_old,lum_dev_new,verdict,v12_colors,v12_frag,v12_frag2,v12_dark,ol_v12,colout_v12,de_v12,nfeat12,verdict12
cartoons,cartoons_001.jpg,1,14,17,131,111,0,4,3183,3239,22,0,0,28,12.694,18.34,10.428,5.647,7.16,8.52,better,14,116,4,3239,0,24,18.324,56,better
cartoons,cartoons_002.jpg,1,23,37,184,241,8,17,2928,2543,4,0,2,24,16.74,28.688,19.947,11.948,-0.81,13.01,equal,37,205,17,2543,0,24,28.656,34,equal
cartoons,cartoons_003.jpg,0,6,3,122,27,5,16,3255,3332,10,0,0,0,3.505,5.476,5.476,1.971,2.69,1.23,better,3,24,16,3332,0,0,5.499,13,better
cartoons,cartoons_004.jpg,1,41,29,317,85,0,0,1212,939,96,0,6,732,9.044,19.84,17.69,10.795,0.66,7.7,worse,28,80,0,939,0,730,19.824,53,worse
cartoons,cartoons_005.jpg,0,10,12,293,239,0,0,143,218,8,0,0,189,6.678,9.865,9.865,3.187,0.61,5.18,better,12,196,0,218,0,177,9.897,74,better
cartoons,cartoons_006.jpg,0,9,8,538,403,2,7,414,571,6,0,0,0,4.545,8.595,8.595,4.05,0.55,2.66,better,8,351,7,571,0,0,8.902,150,better
cartoons,cartoons_007.jpg,1,10,18,158,248,8,9,2760,2330,1,0,0,114,4.124,11.826,6.203,7.702,0.28,10.62,worse,18,218,9,2330,0,109,11.83,52,worse
cartoons,cartoons_008.jpg,0,9,7,493,236,0,8,238,454,4,0,0,0,3.211,5.637,5.637,2.426,0.42,2.01,better,7,209,8,454,0,0,5.629,79,better
cartoons,cartoons_009.jpg,0,10,8,488,218,5,12,395,613,24,0,0,0,3.868,8.383,8.383,4.515,0.21,2.15,better,8,202,12,612,0,0,8.862,156,better
cartoons,cartoons_010.jpg,0,8,6,252,145,0,8,700,784,15,0,0,0,4.421,6.861,6.861,2.44,1.51,4.23,better,6,118,8,784,0,0,6.876,51,better
cartoons,cartoons_011.jpg,0,9,9,288,171,0,5,479,574,37,0,0,75,4.511,8.356,8.356,3.845,0.39,4.12,better,8,151,5,574,0,75,8.481,95,better
cartoons,cartoons_012.jpg,0,7,5,226,115,2,6,979,1014,10,0,0,0,5.247,7.461,7.461,2.214,1.5,5.86,better,5,112,6,1014,0,0,7.462,5,better
cartoons,cartoons_013.jpg,0,10,10,415,203,0,12,567,801,65,0,0,1,2.496,6.755,6.755,4.258,0.37,-0.58,better,10,193,12,801,0,1,7.089,190,better
cartoons,cartoons_014.jpg,0,9,7,180,69,0,0,63,88,5,0,0,0,2.132,3.372,3.372,1.24,0.53,2.07,better,7,61,0,88,0,0,3.38,27,better
cartoons,cartoons_015.jpg,0,7,7,325,238,6,9,581,679,32,0,0,0,3.831,7.432,7.432,3.601,-0.04,3.61,better,7,212,9,679,0,0,7.464,68,better
cartoons,cartoons_016.jpg,0,9,8,469,261,15,13,535,681,2,0,0,0,4.205,6.752,6.752,2.547,0.49,2.88,better,9,218,13,680,0,0,6.737,76,better
cartoons,cartoons_017.jpg,0,8,6,294,197,0,0,255,433,5,0,0,0,4.337,8.21,8.21,3.872,0.7,4.67,better,6,168,0,433,0,0,8.246,110,better
cartoons,cartoons_018.jpg,0,9,8,263,121,0,5,90,270,14,0,0,0,3.419,9.239,9.239,5.82,-1.91,4.74,better,9,122,5,268,0,0,9.273,146,better
cartoons,cartoons_019.jpg,0,9,7,341,245,1,7,289,562,18,0,0,0,4.484,8.91,8.91,4.426,0.31,3.0,better,7,202,7,562,0,0,9.22,196,better
cartoons,cartoons_020.jpg,0,9,8,194,73,0,3,250,420,58,0,0,0,2.55,4.837,4.837,2.287,0.77,0.65,better,8,63,3,420,0,0,5.292,140,better
cartoons,cartoons_021.jpg,0,7,7,493,166,12,7,701,706,58,0,0,20,5.262,9.037,9.037,3.774,1.85,5.7,better,7,166,7,706,0,20,9.054,33,better
cartoons,cartoons_022.jpg,0,11,16,257,325,2,2,523,567,6,0,0,669,5.954,10.724,10.724,4.769,-0.73,4.41,better,16,288,2,567,0,664,10.727,57,better
cartoons,cartoons_023.jpg,0,10,10,504,261,2,3,380,545,34,0,0,13,3.426,8.314,8.314,4.888,-0.49,2.54,better,10,240,3,545,0,13,8.642,143,better
cartoons,cartoons_024.jpg,0,9,7,420,207,2,14,874,1153,23,0,0,0,4.331,8.353,8.353,4.023,0.36,3.13,better,7,163,14,1153,0,0,8.422,132,better
cartoons,cartoons_025.jpg,0,10,8,676,376,1,34,411,1170,148,0,0,0,2.687,16.476,16.476,13.789,0.68,-8.55,better,8,415,34,1170,0,0,17.435,706,better
cartoons,cartoons_026.jpg,1,28,12,233,36,3,10,2788,2762,74,0,2,66,4.937,9.513,11.391,4.577,1.36,3.71,better,13,38,10,2762,0,66,9.522,30,better
cartoons,cartoons_027.jpg,0,8,7,208,86,0,4,391,476,50,0,0,0,4.057,7.163,7.163,3.106,0.08,3.93,better,7,69,4,476,0,0,7.256,56,better
cartoons,cartoons_028.jpg,0,37,40,375,327,1,4,909,918,9,0,107,185,8.578,10.864,10.864,2.286,0.05,2.28,better,40,296,4,918,0,185,10.872,60,better
cartoons,cartoons_029.jpg,0,10,9,512,293,1,17,751,1042,67,0,0,2,4.093,10.738,10.738,6.644,1.19,1.21,better,9,308,17,1042,0,2,11.032,264,better
cartoons,cartoons_030.jpg,0,3,2,4,112,0,0,0,0,0,0,0,0,7.26,9.213,9.213,1.952,-1.66,0.69,better,2,112,0,0,0,0,9.213,0,better
cartoons,cartoons_031.jpg,0,9,7,175,104,0,2,1629,1889,77,0,0,0,4.208,8.034,8.034,3.827,3.07,0.89,better,8,104,2,1889,0,0,8.191,209,better
cartoons,cartoons_032.jpg,0,9,8,275,154,0,6,754,889,21,0,0,0,3.624,7.255,7.255,3.631,0.72,2.11,better,8,123,6,889,0,0,7.449,124,better
cartoons,cartoons_033.jpg,0,8,12,221,117,0,1,1010,1082,7,0,0,40,4.128,6.344,6.344,2.216,0.84,3.27,better,12,102,1,1082,0,40,6.361,40,better
cartoons,cartoons_034.jpg,0,27,36,265,322,7,4,504,622,6,0,290,230,10.879,13.795,13.795,2.916,1.21,3.02,better,34,312,4,622,0,230,13.802,127,better
cartoons,cartoons_035.jpg,0,11,20,499,1518,2,128,221,1394,25,0,0,17,5.781,22.92,22.92,17.139,-0.53,-9.57,better,20,1269,128,1394,0,3,23.685,987,better
cartoons,cartoons_036.jpg,0,9,8,246,112,3,11,1156,1205,31,0,0,0,4.346,6.773,6.773,2.427,0.12,3.94,better,8,105,11,1205,0,0,6.794,26,better
cartoons,cartoons_037.jpg,0,9,7,463,206,10,27,988,1173,37,0,0,0,4.4,7.961,7.961,3.561,0.16,2.91,better,8,175,27,1172,0,0,8.003,89,better
cartoons,cartoons_038.jpg,0,7,7,110,29,5,16,3238,3339,8,0,0,0,3.331,10.643,10.643,7.312,-2.88,9.03,better,7,35,16,3339,0,0,10.68,19,better
cartoons,cartoons_039.jpg,0,9,8,331,239,0,20,201,503,74,0,0,0,3.725,9.292,9.292,5.568,0.06,0.29,better,8,200,20,503,0,0,9.474,273,better
cartoons,cartoons_040.jpg,1,16,30,421,391,6,13,926,804,11,0,2,424,6.922,10.908,10.04,3.986,1.12,4.72,better,29,323,13,804,0,423,10.935,66,better
cartoons,cartoons_041.jpg,0,19,19,539,473,0,8,114,484,80,0,9,117,4.196,10.928,10.928,6.732,0.48,-1.81,better,18,427,8,484,0,101,11.036,338,better
cartoons,cartoons_042.jpg,0,23,9,328,81,0,3,94,217,80,0,0,0,6.545,9.615,9.615,3.069,-4.04,-2.09,better,8,64,3,217,0,0,9.614,110,better
cartoons,cartoons_043.jpg,0,10,8,574,301,12,19,1708,1864,15,0,0,0,3.81,7.323,7.323,3.513,-0.2,1.68,better,8,278,19,1864,0,0,7.393,88,better
cartoons,cartoons_044.jpg,0,8,8,568,335,30,48,1048,1146,12,0,0,0,4.237,9.155,9.155,4.918,-0.36,2.16,better,8,323,48,1146,0,0,9.228,73,better
cartoons,cartoons_045.jpg,0,8,7,395,283,9,14,687,778,20,0,0,0,4.499,7.185,7.185,2.686,1.54,4.11,better,7,250,14,778,0,0,7.201,54,better
cartoons,cartoons_046.jpg,0,9,7,199,79,3,5,300,435,92,0,0,0,3.178,6.745,6.745,3.567,1.14,1.04,better,7,97,5,435,0,0,6.884,122,better
cartoons,cartoons_047.jpg,0,7,8,365,179,4,3,633,689,9,0,0,9,3.529,7.073,7.073,3.544,-1.29,3.52,better,7,160,3,689,0,9,7.116,40,better
cartoons,cartoons_048.jpg,0,10,8,457,250,4,5,535,615,6,0,0,0,3.876,7.16,7.16,3.283,-0.41,3.82,better,8,225,5,615,0,0,7.201,55,better
cartoons,cartoons_049.jpg,0,8,5,365,152,38,62,3155,3257,10,0,0,0,3.726,6.655,6.655,2.929,2.97,0.99,better,6,148,62,3257,0,0,6.746,27,better
lineart,lineart_001.jpg,0,17,21,210,237,0,7,1,132,12,0,0,10,4.932,11.827,11.827,6.895,-2.6,6.85,better,23,209,6,122,0,9,11.575,163,better
lineart,lineart_002.jpg,0,5,4,633,260,0,133,0,2497,385,0,0,0,3.227,53.056,53.056,49.829,0.4,-52.12,better,4,343,133,2497,0,0,52.768,2497,better
lineart,lineart_003.jpg,0,10,4,612,25,78,14,1599,1878,260,0,0,0,2.864,9.486,9.486,6.622,1.93,-4.62,better,3,25,14,1878,0,0,9.503,121,better
lineart,lineart_004.jpg,0,8,6,775,773,0,89,34,1576,58,0,0,0,4.516,17.959,17.959,13.443,0.26,-9.31,better,5,770,89,1575,0,0,17.946,770,better
lineart,lineart_006.jpg,0,8,7,570,289,0,48,1,914,115,0,0,0,2.799,18.592,18.592,15.794,0.05,-6.83,better,8,389,48,913,0,0,19.167,886,better
lineart,lineart_007.jpg,0,10,4,282,31,0,3,502,649,28,0,0,0,1.167,4.246,4.246,3.079,0.74,-1.76,better,4,28,3,649,0,0,4.317,111,better
lineart,lineart_008.jpg,0,10,3,375,66,0,45,90,507,47,0,0,0,0.761,8.891,8.891,8.13,-0.0,-6.57,better,3,62,45,507,0,0,8.896,308,better
lineart,lineart_009.jpg,0,6,3,32,11,0,7,0,45,5,0,0,0,0.544,1.102,1.102,0.558,0.45,0.01,better,3,18,7,45,0,0,1.222,40,better
lineart,lineart_010.jpg,0,7,22,577,1794,0,174,3,1686,15,0,0,38,6.151,30.675,30.675,24.524,0.7,-16.29,better,17,1228,174,1686,0,16,30.616,1768,better
lineart,lineart_011.jpg,0,9,6,957,256,4,80,450,1549,43,0,0,0,3.25,15.387,15.387,12.137,0.35,-6.79,better,6,325,80,1549,0,0,15.751,690,better
lineart,lineart_012.jpg,0,1,1,0,0,0,0,3364,3364,0,0,0,0,6.319,6.319,6.319,0.0,6.32,6.32,better,1,0,0,3364,0,0,6.319,0,better
lineart,lineart_013.jpg,0,9,4,587,124,0,7,34,598,379,0,0,0,1.092,11.365,11.365,10.273,0.13,-8.86,better,4,122,7,598,0,0,11.465,361,better
lineart,lineart_014.jpg,0,10,4,92,36,1,2,105,235,34,0,0,0,0.46,2.968,2.968,2.508,0.07,-1.67,better,4,38,2,235,0,0,3.144,92,better
lineart,lineart_018.jpg,0,10,5,272,30,1,2,186,380,61,0,0,0,0.624,4.691,4.691,4.067,0.16,-2.84,better,5,24,2,380,0,0,4.693,135,better
lineart,lineart_019.jpg,0,10,4,363,27,6,4,221,467,47,0,0,0,0.811,6.188,6.188,5.377,0.27,-4.11,better,3,24,4,467,0,0,6.2,192,better
lineart,lineart_020.jpg,0,10,4,1436,376,8,242,377,2087,291,0,0,0,3.36,34.784,34.784,31.424,0.34,-24.81,better,4,353,242,2087,0,0,35.178,1095,better
lineart,lineart_021.jpg,0,11,15,603,399,25,85,1174,1790,53,0,0,0,3.522,12.962,12.962,9.44,-0.01,-6.48,better,14,408,85,1790,0,0,13.112,283,better
lineart,lineart_023.jpg,0,10,4,289,50,2,7,163,514,161,0,0,0,0.837,8.16,8.16,7.323,0.12,-5.26,better,4,36,7,514,0,0,8.269,248,better
lineart,lineart_024.jpg,0,10,4,469,55,0,15,262,639,93,0,0,0,0.954,8.471,8.471,7.517,0.08,-6.52,better,3,51,15,639,0,0,8.505,296,better
lineart,lineart_025.jpg,0,16,14,289,106,0,4,157,508,111,0,0,0,1.088,5.782,5.782,4.694,0.13,-2.16,better,12,123,4,508,0,0,6.244,229,better
lineart,lineart_029.jpg,0,8,5,470,322,0,78,1,1346,180,0,0,0,2.946,26.648,26.648,23.702,1.24,-20.58,better,5,341,78,1346,0,0,27.206,1314,better
lineart,lineart_031.jpg,0,13,18,438,1022,1,102,187,1486,46,0,0,114,6.852,23.151,23.151,16.299,-0.41,-10.89,better,16,803,102,1486,0,67,23.498,1101,better
lineart,lineart_032.jpg,0,11,12,645,874,0,83,181,1219,94,0,0,17,6.194,16.586,16.586,10.392,0.44,-5.15,better,12,815,83,1219,0,14,16.908,652,better
lineart,lineart_034.jpg,0,6,4,80,120,0,4,0,302,56,0,0,0,0.404,5.256,5.256,4.852,0.18,-4.66,better,4,177,4,302,0,0,5.701,300,better
lineart,lineart_035.jpg,0,10,7,1153,528,7,198,705,2189,21,0,0,0,3.777,17.793,17.793,14.016,-0.08,-10.0,better,7,645,198,2189,0,0,18.37,688,better
lineart,lineart_037.jpg,0,20,19,1333,912,0,9,62,471,464,0,0,0,6.086,20.498,20.498,14.412,-0.21,1.21,better,19,722,9,471,0,0,20.787,435,better
lineart,lineart_038.jpg,0,16,21,1384,952,3,16,518,771,177,0,0,1,8.531,17.225,17.225,8.694,-0.13,1.49,better,19,820,16,771,0,2,17.318,255,better
lineart,lineart_040.jpg,0,13,21,1102,1616,39,105,1057,1609,29,0,10,11,9.236,17.135,17.135,7.899,0.61,-1.34,better,21,1340,105,1609,0,12,17.266,582,better
lineart,lineart_043.jpg,0,11,17,632,870,4,40,361,780,80,0,53,0,9.591,19.277,19.277,9.686,2.97,1.77,better,16,855,40,780,0,0,19.406,154,better
lineart,lineart_044.jpg,0,12,15,211,538,0,0,342,427,25,0,0,0,6.562,10.607,10.607,4.045,-0.21,2.91,better,15,434,0,427,0,0,10.618,179,better
lineart,lineart_045.jpg,0,9,5,503,109,3,18,255,583,15,0,0,0,1.032,6.72,6.72,5.688,0.25,-4.36,better,5,95,18,583,0,0,6.924,253,better
lineart,lineart_046.jpg,0,10,11,878,667,19,33,1039,1523,12,0,0,2,4.515,11.387,11.387,6.872,-0.53,-1.07,better,10,630,33,1523,0,2,11.589,339,better
lineart,lineart_047.jpg,0,10,4,404,61,0,7,219,456,41,0,0,0,0.729,5.32,5.32,4.591,0.1,-3.74,better,4,50,7,456,0,0,5.532,172,better
lineart,lineart_048.jpg,0,9,4,287,30,0,1,184,306,16,0,0,0,0.574,3.044,3.044,2.47,0.18,-1.72,better,4,24,1,306,0,0,3.175,86,better
lineart,lineart_049.jpg,0,8,11,245,65,0,0,0,66,74,0,0,0,2.437,4.353,4.353,1.916,0.71,1.79,better,9,57,0,66,0,0,4.42,65,better
lineart,lineart_x_101.jpg,0,7,14,134,320,0,6,0,230,3,0,3,2591,6.985,18.424,18.424,11.439,-1.28,9.26,equal,14,342,6,230,0,2591,18.569,243,equal
lineart,lineart_x_102.jpg,0,6,14,235,330,0,12,0,277,3,0,2,2388,8.012,17.16,17.16,9.148,0.71,6.89,equal,13,356,12,277,0,2389,17.29,273,equal
lineart,lineart_x_103.jpg,0,12,19,428,770,0,8,211,496,2,0,1,19,7.176,12.081,12.081,4.905,0.81,1.66,equal,17,667,8,496,0,17,12.196,366,equal
lineart,lineart_x_104.jpg,0,15,18,345,365,4,12,207,472,54,0,1,279,6.694,10.858,10.858,4.164,1.56,-0.32,better,18,294,12,472,0,254,10.921,226,better
lineart,lineart_x_105.jpg,0,15,17,317,459,0,4,48,154,106,0,1,0,6.512,13.584,13.584,7.072,-2.29,1.12,better,15,463,4,154,0,0,13.591,6,better
lineart,lineart_x_106.jpg,0,8,15,448,681,2,2,151,151,19,0,16,0,7.78,11.99,11.99,4.21,-0.52,3.35,better,14,536,2,151,0,0,11.97,185,better
lineart,lineart_x_107.jpg,0,10,15,428,629,4,69,187,996,27,0,1,1719,7.511,19.826,19.826,12.316,2.24,-1.82,better,12,576,69,996,0,1728,20.547,654,better
lineart,lineart_x_108.jpg,0,13,15,730,512,23,30,883,1027,15,0,0,206,6.692,11.174,11.174,4.482,1.55,1.68,better,15,458,30,1027,0,204,11.241,203,better
lineart,lineart_x_109.jpg,0,10,15,323,560,1,48,82,690,10,0,24,1727,7.691,17.437,17.437,9.747,0.84,1.37,better,13,591,48,690,0,1738,17.792,450,better
lineart,lineart_x_110.jpg,0,12,18,533,744,0,36,652,987,10,0,3,2,7.942,13.58,13.58,5.639,1.37,-0.2,better,18,596,36,987,0,2,13.631,404,better
lineart,lineart_x_111.jpg,0,10,8,221,27,0,0,174,193,73,0,0,0,11.045,16.6,16.6,5.555,0.37,12.07,better,9,27,0,193,0,0,16.59,14,better
lineart,lineart_x_112.jpg,0,13,9,177,77,0,0,178,242,126,0,20,0,10.886,17.371,17.371,6.484,1.11,10.85,better,10,76,0,242,0,0,17.373,5,better
lineart,lineart_x_113.jpg,0,7,9,219,499,0,12,177,543,77,0,0,0,6.044,13.499,13.499,7.455,3.39,0.62,better,7,359,12,543,0,0,13.2,408,better
lineart,lineart_x_114.jpg,0,7,8,227,332,0,6,176,619,73,0,0,7,4.319,12.688,12.688,8.37,1.7,-1.26,better,8,192,6,619,0,4,12.694,423,better
lineart,lineart_x_115.jpg,0,7,7,196,179,0,6,183,539,100,0,0,2,6.197,12.282,12.282,6.085,4.17,-0.7,better,7,134,6,539,0,0,12.005,331,better
pixelart,pixelart_001.jpg,1,16,9,1361,627,70,177,1315,2162,123,0,0,0,5.473,26.56,28.076,21.087,0.31,-8.84,better,9,660,177,2162,0,0,27.337,589,better
pixelart,pixelart_005.jpg,0,8,6,24,4,0,0,336,405,45,0,0,447,9.082,12.322,12.322,3.24,-2.82,-1.97,better,6,2,0,399,0,438,12.145,21,better
pixelart,pixelart_006.jpg,1,27,13,70,4,0,0,835,826,161,0,0,0,7.473,9.695,9.125,2.222,3.43,3.95,better,13,3,0,826,0,0,9.72,40,better
pixelart,pixelart_011.jpg,0,18,6,80,1,0,1,481,450,196,0,0,0,20.066,37.319,37.319,17.253,-13.06,-3.29,better,7,3,1,450,0,0,37.312,6,better
pixelart,pixelart_014.jpg,0,39,14,330,126,0,4,224,352,266,0,0,6,4.697,12.593,12.593,7.896,-0.78,-0.72,better,14,119,4,352,0,1,12.594,130,better
pixelart,pixelart_017.jpg,0,33,8,61,0,0,0,442,438,141,0,34,0,2.182,4.28,4.28,2.098,-0.76,-0.45,better,8,0,0,438,0,0,4.28,0,better
pixelart,pixelart_018.jpg,1,46,73,875,880,26,26,1756,1540,31,0,29,70,8.6,16.562,13.357,7.962,0.8,6.88,better,72,792,26,1539,0,69,16.525,167,better
pixelart,pixelart_019.jpg,1,61,75,893,646,14,31,2259,1707,42,0,74,34,9.306,20.239,13.625,10.934,1.18,10.6,better,73,602,31,1706,0,34,20.231,111,better
pixelart,pixelart_020.jpg,0,52,59,912,576,17,9,1078,978,34,0,85,26,8.312,12.947,12.947,4.635,0.91,2.42,better,60,485,9,977,0,25,12.961,119,better
pixelart,pixelart_040.jpg,0,29,29,203,153,16,1,1399,249,32,0,794,87,9.622,14.609,14.609,4.986,-0.73,5.16,better,29,143,1,245,0,87,14.565,21,better
pixelart,pixelart_042.jpg,1,37,41,457,423,4,52,2797,2809,154,0,0,36,7.301,17.809,15.047,10.508,0.15,10.29,better,42,415,49,2796,0,35,17.585,187,better
pixelart,pixelart_x_101.jpg,0,36,43,553,599,7,16,890,1121,30,0,3,347,6.489,11.389,11.389,4.9,0.26,1.08,better,43,531,16,1120,0,349,11.424,143,better
pixelart,pixelart_x_102.jpg,0,26,37,568,461,17,25,950,1085,12,0,0,110,6.022,9.388,9.388,3.366,0.1,1.06,better,36,406,25,1084,0,110,9.398,90,better
pixelart,pixelart_x_103.jpg,1,41,49,830,522,5,41,1572,1663,55,0,12,12,10.016,18.804,15.192,8.788,0.14,6.56,better,45,499,41,1663,0,12,18.9,190,better
pixelart,pixelart_x_104.jpg,1,36,47,758,615,36,58,2456,2091,87,0,5,5,6.339,17.372,14.378,11.034,0.41,6.75,better,45,540,56,2090,0,2,17.383,198,better
pixelart,pixelart_x_105.jpg,1,34,54,568,622,12,96,2380,2157,46,0,18,69,7.638,17.18,14.296,9.542,1.29,6.24,better,54,584,95,2154,0,68,17.177,141,better
pixelart,pixelart_x_106.jpg,1,33,32,596,375,5,34,1636,1355,41,0,68,13,7.58,14.746,12.316,7.166,0.7,6.47,better,32,326,34,1355,0,13,14.791,122,better
pixelart,pixelart_x_107.jpg,1,60,67,1219,888,33,34,2333,2098,94,0,7,12,8.251,23.405,19.452,15.154,1.28,9.69,better,67,879,35,2089,0,9,22.858,149,better
pixelart,pixelart_x_108.jpg,1,34,49,1225,1752,43,76,1701,1624,23,0,2,9,9.977,21.14,19.674,11.163,-0.01,4.33,better,48,1693,76,1624,0,7,21.255,352,better
pixelart,pixelart_x_109.jpg,1,59,46,1130,570,73,102,2741,2445,379,0,21,3,10.04,23.237,22.646,13.198,3.46,7.66,better,46,558,102,2445,0,4,23.3,93,better
pixelart,pixelart_x_110.jpg,1,58,52,1125,633,74,98,2745,2423,291,0,29,5,10.063,23.161,22.129,13.098,3.54,8.55,better,53,617,98,2423,0,6,23.168,87,better
pixelart,pixelart_x_111.jpg,0,23,29,525,395,5,17,999,1215,57,0,19,63,5.971,11.224,11.224,5.253,0.99,0.6,better,28,332,17,1212,0,62,11.201,185,better
pixelart,pixelart_x_112.jpg,0,26,31,361,365,11,22,1218,1467,66,0,9,140,5.36,10.208,10.208,4.848,0.17,0.55,better,31,337,22,1467,0,138,10.341,202,better
pixelart,pixelart_x_113.jpg,0,26,35,619,370,13,50,1147,1329,34,0,5,771,7.471,14.194,14.194,6.723,-0.5,2.15,better,34,340,50,1329,0,769,14.172,94,better
pixelart,pixelart_x_114.jpg,1,32,39,521,572,14,40,1517,1650,52,0,1,147,5.712,11.73,11.196,6.018,0.36,2.56,better,39,500,40,1650,0,144,11.832,196,better
pixelart,pixelart_x_115.jpg,0,68,57,1308,832,7,45,564,1027,237,0,0,3,5.786,16.766,16.766,10.98,1.13,-0.82,better,55,824,45,1027,0,0,16.828,314,better
pixelart,pixelart_x_116.jpg,1,33,36,540,487,34,12,1837,1041,4,0,169,44,10.969,17.706,13.511,6.737,1.6,9.35,better,36,463,12,1040,0,44,17.703,87,better
pixelart,pixelart_x_117.jpg,0,25,14,51,19,0,0,1075,1236,136,0,97,32,6.765,9.239,9.239,2.475,2.39,1.0,better,13,8,0,1236,0,32,9.357,131,better
pixelart,pixelart_x_121.jpg,1,40,41,560,521,5,9,1628,1555,22,0,5,154,9.68,20.835,16.533,11.155,0.26,9.03,better,40,499,9,1555,0,153,20.878,79,better
pixelart,pixelart_x_122.jpg,1,34,45,443,267,15,12,3054,2975,25,0,0,3,6.995,10.125,9.213,3.129,5.42,7.07,better,47,253,12,2975,0,4,10.149,49,better
pixelart,pixelart_x_123.jpg,0,11,4,6,1,0,0,32,47,71,0,97,300,2.028,2.625,2.625,0.598,-0.37,0.67,better,4,1,0,47,0,300,2.625,2,better
pixelart,pixelart_x_125.jpg,0,9,2,168,0,0,0,1321,1458,297,0,0,0,10.418,13.746,13.746,3.328,4.44,7.25,better,2,0,0,1458,0,0,13.746,0,better
pixelart,pixelart_x_128.jpg,1,19,21,68,57,5,4,3040,2087,1,0,0,27,5.148,11.687,6.749,6.539,0.33,10.82,better,19,51,4,2087,0,27,11.688,8,better
pixelart,pixelart_x_131.jpg,1,30,34,193,200,16,13,328,263,4,0,0,0,7.821,9.456,5.266,1.635,1.87,2.28,better,33,162,13,263,0,0,9.451,52,better
pixelart,pixelart_x_132.jpg,1,44,48,507,429,4,4,1653,1646,15,0,1,3,8.689,12.085,11.291,3.396,2.0,3.43,better,47,384,4,1646,0,2,12.077,73,better
pixelart,pixelart_x_133.jpg,1,23,44,162,277,3,5,2602,1855,23,0,22,216,6.599,14.074,9.365,7.475,0.82,11.26,better,41,224,5,1855,0,216,14.074,57,better
pixelart,pixelart_x_134.jpg,1,29,35,598,479,6,4,1055,1022,11,0,7,19,10.893,14.204,15.817,3.311,2.18,4.43,better,33,454,4,1022,0,19,14.209,26,better
pixelart,pixelart_x_135.jpg,1,32,52,907,1140,48,23,2252,1603,12,0,0,4,8.5,23.108,15.276,14.608,0.48,12.0,better,50,1073,23,1603,0,2,23.116,131,better
pixelart,pixelart_x_136.jpg,1,24,29,319,399,3,2,2130,1162,3,0,630,417,13.469,26.137,16.315,12.668,-0.03,16.27,better,29,384,2,1162,0,417,26.133,15,better
pixelart,pixelart_x_137.jpg,1,45,53,964,1026,21,24,1389,1218,9,0,17,34,10.982,18.675,16.667,7.694,-1.0,3.92,better,52,941,24,1218,0,33,18.706,117,better
pixelart,pixelart_x_138.jpg,1,24,26,107,104,3,16,3285,3255,3,0,0,5,6.096,8.22,7.391,2.125,4.27,5.34,equal,26,116,16,3255,0,5,8.252,44,equal
pixelart,pixelart_x_139.jpg,1,38,55,510,420,22,15,2103,1019,40,0,8,8,6.193,23.161,13.726,16.968,-0.61,13.26,better,55,374,15,1019,0,7,23.133,105,better
pixelart,pixelart_x_140.jpg,1,40,54,468,527,31,50,2233,1980,28,0,14,34,8.643,21.334,15.051,12.692,-1.84,9.52,better,53,482,50,1980,0,33,21.406,177,better
pixelart,pixelart_x_141.jpg,0,35,41,512,429,13,10,1382,1246,28,0,43,148,13.133,16.822,16.822,3.689,1.41,4.31,better,41,414,10,1246,0,147,16.821,34,better
pixelart,pixelart_x_142.jpg,0,6,7,129,83,0,0,0,18,1,0,0,0,3.416,5.225,5.225,1.809,1.51,4.2,better,8,77,0,18,0,0,5.226,24,better
pixelart,pixelart_x_143.jpg,1,37,46,435,277,0,1,1291,926,21,0,0,65,11.202,18.067,16.038,6.865,-1.25,5.72,better,46,255,1,926,0,65,18.079,26,better
pixelart,pixelart_x_144.jpg,1,47,70,551,522,10,14,2424,1934,37,0,28,530,8.417,19.793,14.759,11.376,0.24,10.83,better,70,489,14,1934,0,529,19.793,67,better
pixelart,pixelart_x_145.jpg,1,59,66,496,287,7,8,2447,2202,28,0,7,5,5.514,11.793,10.811,6.279,0.83,6.72,better,66,266,8,2202,0,5,11.815,47,better
pixelart,pixelart_x_146.jpg,1,44,54,684,605,9,33,2065,1808,39,0,71,153,10.619,20.306,16.62,9.687,-0.56,5.64,better,54,559,33,1807,0,148,20.274,162,better
landscape,landscape_001.jpg,0,24,27,759,1311,3,10,236,618,4,0,2,4,6.84,13.112,13.112,6.272,0.82,2.27,equal,25,1040,10,617,0,2,13.155,536,equal
landscape,landscape_002.jpg,0,24,30,351,521,11,16,678,668,9,0,2,46,8.199,12.404,12.404,4.205,0.72,2.63,better,29,436,16,668,0,46,12.432,127,better
landscape,landscape_003.jpg,0,17,27,153,259,0,0,255,42,5,0,0,43,7.287,11.663,11.663,4.375,-0.01,3.8,equal,27,206,0,42,0,43,11.667,57,equal
landscape,landscape_004.jpg,0,26,29,264,353,0,2,104,102,6,0,18,19,7.845,11.136,11.136,3.291,0.6,2.12,better,29,309,2,102,0,19,11.154,80,better
landscape,landscape_005.jpg,0,17,27,230,381,0,0,42,63,0,0,3,18,7.211,9.762,9.762,2.551,0.64,3.16,equal,26,300,0,63,0,18,9.773,89,equal
landscape,landscape_006.jpg,0,22,33,214,340,3,0,91,86,1,0,10,3,8.987,14.021,14.021,5.034,1.06,4.22,equal,32,273,0,86,0,3,14.041,70,equal
landscape,landscape_009.jpg,0,22,28,460,421,8,19,1021,1229,11,0,1,6,8.432,12.612,12.612,4.179,1.18,1.73,better,25,360,19,1229,0,4,12.59,115,better
landscape,landscape_010.jpg,1,16,46,445,539,15,40,2966,2274,17,0,4,174,7.347,16.716,12.088,9.369,-0.58,10.98,better,45,471,40,2274,0,174,16.722,92,better
landscape,landscape_011.jpg,0,26,34,457,457,4,29,949,1123,6,0,27,84,6.841,11.568,11.568,4.726,-0.74,1.31,better,32,405,29,1123,0,83,11.729,194,better
landscape,landscape_012.jpg,1,38,48,880,969,42,54,1510,1271,50,0,16,23,10.895,16.735,15.422,5.84,2.3,5.38,better,47,829,54,1271,0,23,16.733,169,better
landscape,landscape_013.jpg,1,40,43,592,713,16,38,1859,1492,13,0,184,289,10.985,17.843,13.916,6.858,2.05,10.73,better,43,685,38,1492,0,286,17.757,53,better
landscape,landscape_014.jpg,1,33,41,367,326,16,32,1419,736,16,0,24,16,8.53,17.331,15.533,8.8,-0.55,4.32,better,40,288,32,736,0,14,17.372,105,better
landscape,landscape_015.jpg,0,22,21,182,196,5,0,473,449,15,0,17,8,6.423,8.041,8.041,1.618,-0.42,1.55,better,22,184,0,449,0,8,8.048,33,better
landscape,landscape_016.jpg,1,25,33,628,889,62,82,2338,1739,3,0,19,157,7.514,15.586,11.172,8.072,-0.25,10.19,equal,33,765,82,1739,0,149,15.61,188,equal
landscape,landscape_018.jpg,1,26,29,496,501,22,52,1569,1694,14,0,3,27,8.521,13.052,12.656,4.531,1.11,3.33,better,28,470,52,1693,0,27,12.986,122,better
landscape,landscape_019.jpg,0,21,26,97,207,5,13,1346,1022,0,0,380,150,7.46,9.668,9.668,2.208,-0.08,3.38,equal,26,182,13,1022,0,150,9.674,23,equal
landscape,landscape_020.jpg,1,26,31,379,308,52,2,1341,514,7,0,21,54,9.277,13.248,10.483,3.971,1.65,6.61,better,30,283,2,514,0,52,13.257,45,better
landscape,landscape_021.jpg,1,30,44,604,640,36,88,1482,1558,35,0,1,221,9.8,19.608,16.954,9.808,1.7,7.4,better,42,581,88,1558,0,220,19.759,203,better
landscape,landscape_023.jpg,0,18,17,550,414,17,32,915,688,6,0,0,0,9.548,12.031,12.031,2.483,1.53,4.47,better,16,411,32,688,0,0,12.036,7,better
landscape,landscape_024.jpg,0,12,11,96,108,0,1,1499,1534,0,0,29,126,6.837,8.038,8.038,1.201,0.67,1.25,equal,10,80,1,1534,0,126,8.04,41,equal
landscape,landscape_025.jpg,1,16,20,431,281,2,14,2162,2318,47,0,8,99,4.885,12.398,8.737,7.513,-0.3,6.6,better,19,217,14,2318,0,94,12.436,205,better
landscape,landscape_026.jpg,1,20,20,234,241,0,12,2046,2042,5,0,414,326,9.767,13.753,11.562,3.986,-0.63,6.1,equal,19,211,12,2042,0,326,13.765,46,equal
landscape,landscape_027.jpg,1,27,50,638,967,34,104,1897,1536,10,0,12,17,11.507,24.718,20.125,13.211,0.75,9.9,better,50,837,104,1536,0,8,24.519,385,better
landscape,landscape_028.jpg,0,10,8,106,68,27,22,1478,1501,4,0,0,0,3.872,5.369,5.369,1.497,-0.17,3.34,equal,8,57,22,1501,0,0,5.376,14,equal
landscape,landscape_029.jpg,0,12,19,453,607,20,34,448,693,3,0,0,38,6.362,9.435,9.435,3.073,0.35,1.89,equal,20,507,34,693,0,41,9.431,133,equal
landscape,landscape_030.jpg,1,12,24,272,377,16,12,3301,2655,31,0,270,140,9.243,14.446,11.081,5.203,1.3,8.74,better,24,307,12,2655,0,140,14.46,51,better
landscape,landscape_036.jpg,0,10,8,125,56,3,8,1781,1817,6,0,0,0,3.441,4.864,4.864,1.423,-0.84,2.79,better,8,50,8,1817,0,0,4.882,15,better
landscape,landscape_037.jpg,1,27,28,854,765,30,44,2538,1988,22,0,59,190,14.162,21.01,20.028,6.847,4.0,10.14,better,27,745,44,1988,0,190,21.022,20,better
landscape,landscape_038.jpg,0,30,32,548,299,3,10,929,1066,53,0,2,11,7.167,11.556,11.556,4.389,-0.37,0.51,better,30,286,10,1066,0,11,11.61,75,better
landscape,landscape_039.jpg,0,22,32,550,973,3,18,276,670,3,0,0,303,7.308,13.046,13.046,5.738,0.21,1.55,equal,32,926,18,669,0,312,13.141,358,equal
landscape,landscape_040.jpg,0,37,45,561,459,9,21,677,613,3,0,6,186,9.577,13.761,13.761,4.184,-0.63,1.26,equal,43,437,21,613,0,185,13.734,69,equal
landscape,landscape_041.jpg,0,26,24,105,87,0,1,224,267,16,0,0,0,4.3,5.606,5.606,1.307,0.33,1.32,better,23,102,1,267,0,0,5.686,42,better
landscape,landscape_042.jpg,1,23,35,1060,1613,104,105,2522,1857,95,0,0,0,8.105,29.214,26.725,21.108,0.39,7.21,better,36,1491,105,1857,0,0,29.223,253,better
landscape,landscape_043.jpg,1,12,17,139,175,5,4,1406,1415,32,0,0,20,5.357,12.582,7.728,7.225,0.06,9.26,better,15,148,4,1415,0,20,12.534,52,better
landscape,landscape_044.jpg,1,13,17,165,267,20,27,2081,2130,3,0,2,25,11.417,21.897,15.327,10.48,0.26,8.91,equal,18,256,27,2129,0,25,21.888,18,equal
landscape,landscape_045.jpg,0,13,15,145,138,6,8,821,811,62,0,0,0,12.269,14.7,14.7,2.431,2.03,4.71,better,13,133,8,811,0,0,14.699,2,better
landscape,landscape_046.jpg,0,30,37,367,307,12,14,570,778,81,0,2,2,7.681,13.083,13.083,5.402,0.52,0.39,better,39,283,13,777,0,3,13.072,73,better
landscape,landscape_047.jpg,1,24,42,626,1124,15,71,788,1226,11,0,2,30,8.935,15.51,14.91,6.575,0.67,2.75,better,40,1005,71,1226,0,29,15.463,336,better
landscape,landscape_048.jpg,0,20,30,271,411,5,13,605,625,4,0,1,149,6.205,9.287,9.287,3.083,0.39,3.76,equal,30,334,13,625,0,148,9.303,86,equal
landscape,landscape_050.jpg,1,36,44,387,284,4,7,1644,1648,14,0,7,290,7.785,19.395,13.447,11.611,1.42,12.04,better,42,235,7,1648,0,291,19.369,119,better
landscape,landscape_x_101.jpg,0,25,33,490,738,0,8,214,324,22,0,16,32,6.996,10.232,10.232,3.236,0.94,2.91,better,33,648,8,323,0,33,10.207,133,better
landscape,landscape_x_102.jpg,1,34,38,458,525,6,9,1428,1349,6,0,58,144,9.414,12.755,11.762,3.341,0.24,5.41,better,37,447,9,1349,0,146,12.762,66,better
landscape,landscape_x_103.jpg,1,18,28,314,447,4,20,1871,1412,3,0,21,2,8.786,15.334,11.848,6.548,0.68,9.69,equal,28,391,20,1412,0,2,15.331,57,equal
landscape,landscape_x_104.jpg,0,22,26,671,548,5,34,461,1092,20,0,2,54,7.503,14.513,14.513,7.009,1.89,-0.19,better,24,470,31,1087,0,31,14.549,269,better
landscape,landscape_x_105.jpg,1,32,40,692,747,39,52,2088,865,4,0,24,154,12.824,21.9,17.32,9.076,2.05,10.63,equal,39,729,52,861,0,154,21.851,50,equal
landscape,landscape_x_106.jpg,1,31,46,674,771,29,53,1518,1265,9,0,7,13,9.964,21.626,15.763,11.662,2.03,11.86,better,45,688,53,1265,0,13,21.681,138,better
landscape,landscape_x_107.jpg,1,17,26,584,523,53,94,1313,1414,6,0,0,3,11.007,17.985,16.7,6.978,1.83,3.03,better,26,488,93,1413,0,3,18.043,155,better
landscape,landscape_x_108.jpg,1,36,44,565,687,15,16,2450,1779,8,0,0,59,8.971,20.538,15.332,11.567,0.04,11.11,better,42,580,16,1778,0,54,20.561,145,better
landscape,landscape_x_109.jpg,0,23,28,563,657,51,80,1043,1134,12,0,5,62,7.331,10.767,10.767,3.436,-0.17,0.92,better,28,569,80,1134,0,59,10.83,188,better
landscape,landscape_x_110.jpg,1,25,40,443,571,9,19,1608,1421,5,0,10,93,6.703,14.619,10.284,7.916,0.59,8.68,equal,39,456,19,1421,0,90,14.695,199,equal
portrait,portrait_001.jpg,1,33,45,703,881,41,39,1809,1529,20,0,60,170,9.3,17.267,15.226,7.966,-0.59,6.87,better,43,830,39,1528,0,170,17.28,94,better
portrait,portrait_002.jpg,1,19,30,285,384,32,29,3145,2883,6,0,11,167,6.351,10.798,9.996,4.448,-0.36,6.42,better,30,333,29,2883,0,166,10.802,59,better
portrait,portrait_003.jpg,1,17,33,359,537,23,28,3147,2953,15,0,278,138,9.707,16.426,12.635,6.719,-0.8,8.6,better,32,518,28,2952,0,136,16.409,41,better
portrait,portrait_004.jpg,1,25,43,687,693,11,47,2785,2750,8,0,16,87,6.709,13.408,10.9,6.699,0.29,7.14,better,42,629,47,2750,0,81,13.424,157,better
portrait,portrait_005.jpg,1,23,46,777,968,69,110,3114,2553,7,0,94,50,8.367,16.566,12.636,8.2,-0.43,9.1,better,47,905,110,2553,0,50,16.61,103,better
portrait,portrait_006.jpg,1,25,36,451,597,10,9,1746,1415,21,0,82,50,8.223,13.125,11.6,4.902,0.86,6.14,better,35,500,9,1415,0,51,13.133,102,better
portrait,portrait_007.jpg,1,26,33,226,378,5,24,2991,2716,107,0,0,0,7.722,17.886,13.515,10.164,-0.32,8.51,better,33,313,24,2716,0,0,17.9,157,better
portrait,portrait_008.jpg,0,26,31,271,445,4,13,689,746,96,0,39,339,8.137,11.241,11.241,3.104,0.28,2.71,better,31,365,13,746,0,340,11.235,112,better
portrait,portrait_009.jpg,1,29,36,209,393,4,16,1923,1204,130,0,0,0,9.784,23.733,14.164,13.95,2.1,13.96,better,36,371,16,1204,0,0,23.738,42,better
portrait,portrait_010.jpg,1,28,31,405,725,12,32,2856,1944,239,0,0,0,8.77,23.466,16.563,14.696,0.85,9.88,better,31,617,32,1944,0,0,23.56,243,better
portrait,portrait_011.jpg,1,19,15,172,85,1,3,1619,1625,34,0,0,0,9.013,15.632,12.909,6.619,-0.4,7.16,better,15,76,3,1625,0,0,15.633,6,better
portrait,portrait_012.jpg,1,40,53,820,936,25,42,2339,2015,72,0,1,6,7.876,17.396,11.691,9.52,1.9,11.08,better,53,827,42,2015,0,6,17.418,133,better
portrait,portrait_013.jpg,1,34,36,849,643,24,33,2864,2495,136,0,0,3,7.65,20.313,14.864,12.663,-0.75,7.99,better,34,596,33,2495,0,3,20.313,161,better
portrait,portrait_014.jpg,1,21,36,373,319,8,26,2907,2001,9,0,12,14,7.929,18.655,12.371,10.727,-0.37,10.48,better,35,302,26,2001,0,15,18.655,15,better
portrait,portrait_015.jpg,1,31,43,578,677,11,21,1937,1766,60,0,23,463,7.835,19.089,14.574,11.254,-0.22,8.82,better,42,562,21,1766,0,460,19.113,169,better
portrait,portrait_017.jpg,1,18,25,256,237,9,10,1061,1025,13,0,14,21,5.626,8.822,8.366,3.196,0.17,4.58,better,25,208,10,1025,0,21,8.84,48,better
portrait,portrait_022.jpg,1,28,36,348,393,13,11,3243,3134,4,0,0,997,6.162,16.145,13.364,9.983,1.61,9.22,equal,36,335,11,3134,0,996,16.142,76,equal
portrait,portrait_025.jpg,0,18,27,518,378,7,10,952,1078,24,0,1,167,6.12,9.438,9.438,3.318,1.0,1.96,better,27,328,10,1078,0,163,9.478,116,better
portrait,portrait_030.jpg,1,12,22,171,230,2,3,3151,3057,12,0,4,9,5.099,8.335,6.793,3.236,1.38,5.94,better,21,209,3,3057,0,9,8.351,32,better
portrait,portrait_031.jpg,0,10,8,394,289,14,23,2274,2396,7,0,0,0,3.645,5.673,5.673,2.028,0.13,1.82,better,8,254,23,2396,0,0,5.718,66,better
portrait,portrait_032.jpg,0,25,45,286,476,2,4,224,337,42,0,4,53,6.913,13.187,13.187,6.274,-0.28,6.55,better,44,404,4,337,0,49,13.205,102,better
portrait,portrait_033.jpg,1,34,42,570,721,9,41,2265,1607,3,0,11,292,9.245,21.092,11.909,11.846,1.48,12.87,equal,42,636,41,1607,0,292,21.057,91,equal
portrait,portrait_034.jpg,1,29,39,468,589,13,16,1508,1340,25,0,14,216,8.774,15.719,14.494,6.945,0.4,6.39,better,37,536,16,1331,0,217,15.648,99,better
portrait,portrait_036.jpg,0,32,28,582,530,10,32,1355,1424,24,0,4,1,10.326,14.368,14.368,4.043,-0.47,1.21,better,27,449,32,1423,0,1,14.385,127,better
portrait,portrait_037.jpg,0,9,15,246,309,10,12,647,648,23,0,60,176,7.576,10.519,10.519,2.943,0.41,1.31,better,14,255,12,648,0,175,10.49,50,better
portrait,portrait_039.jpg,0,32,54,603,645,17,13,1364,1275,13,0,11,116,8.112,11.45,11.45,3.338,0.33,2.12,better,54,576,13,1275,0,116,11.465,116,better
portrait,portrait_040.jpg,1,35,53,538,583,16,15,1484,1372,20,0,18,109,7.818,14.682,12.854,6.864,0.12,6.73,better,51,526,15,1371,0,106,14.652,106,better
portrait,portrait_041.jpg,0,23,39,322,569,25,19,943,1312,15,0,0,59,10.515,17.467,17.467,6.953,1.41,2.93,better,38,504,19,1312,0,57,17.49,110,better
portrait,portrait_042.jpg,1,22,42,321,552,15,22,943,1378,6,0,1,76,10.552,18.993,18.629,8.441,1.45,3.13,better,41,514,22,1376,0,69,18.998,140,better
portrait,portrait_043.jpg,1,29,43,371,556,13,22,941,1257,16,0,7,55,9.951,18.273,17.376,8.322,1.93,4.47,better,44,499,22,1253,0,53,18.156,145,better
portrait,portrait_044.jpg,0,10,8,323,156,3,0,744,815,8,0,0,0,4.072,6.05,6.05,1.977,0.18,3.7,better,8,139,0,815,0,0,6.056,22,better
portrait,portrait_046.jpg,1,9,12,367,354,2,3,1424,1503,11,0,0,49,6.836,11.059,9.432,4.223,1.76,6.8,better,10,322,3,1503,0,45,11.108,69,better
portrait,portrait_048.jpg,0,19,24,178,276,0,2,1034,1060,15,0,0,7,6.498,8.82,8.82,2.321,1.49,3.86,better,23,246,2,1060,0,7,8.823,43,better
portrait,portrait_049.jpg,0,37,42,368,350,5,8,980,932,7,0,5,370,10.153,13.155,13.155,3.002,0.29,3.12,better,41,323,8,930,0,369,13.125,45,better
portrait,portrait_050.jpg,0,26,33,283,252,1,7,1285,1297,18,0,162,334,6.784,9.382,9.382,2.598,0.71,2.53,better,32,211,7,1297,0,337,9.399,77,better
portrait,portrait_x_101.jpg,1,22,25,450,361,5,5,1960,1771,48,0,8,10,4.962,8.666,7.515,3.705,0.42,2.51,better,24,323,5,1771,0,10,8.675,84,better
portrait,portrait_x_102.jpg,1,15,22,236,382,15,26,2569,1509,1,0,32,636,7.852,17.465,8.824,9.612,-0.38,14.22,equal,22,323,26,1509,0,636,17.479,61,equal
portrait,portrait_x_103.jpg,0,11,13,379,451,3,10,447,443,2,0,24,38,6.692,8.892,8.892,2.2,-0.03,2.74,equal,13,415,10,443,0,41,8.906,68,equal
portrait,portrait_x_105.jpg,0,20,35,201,235,2,0,449,472,3,0,5,210,5.49,7.877,7.877,2.387,0.4,4.0,equal,35,214,0,472,0,210,7.898,49,equal
portrait,portrait_x_106.jpg,0,6,11,159,236,6,27,2969,2807,3,0,4,2,8.35,9.558,9.558,1.207,0.24,2.03,equal,11,200,27,2807,0,2,9.565,51,equal
portrait,portrait_x_108.jpg,0,29,33,267,311,6,5,1366,1100,6,0,80,417,8.914,11.875,11.875,2.961,-0.09,2.34,better,33,275,5,1100,0,418,11.882,47,better
portrait,portrait_x_109.jpg,0,30,33,401,360,1,0,623,611,13,0,0,66,11.315,14.743,14.743,3.428,1.75,4.87,better,31,328,0,611,0,65,14.74,42,better
portrait,portrait_x_111.jpg,1,23,26,431,413,2,6,1841,1677,44,0,181,347,9.623,14.27,12.869,4.647,-0.92,4.07,better,26,328,6,1677,0,351,14.233,128,better
portrait,portrait_x_112.jpg,1,29,29,273,271,1,2,1706,1693,2,0,0,1,3.448,9.899,7.962,6.451,0.04,5.38,equal,28,238,2,1693,0,0,9.89,69,equal
portrait,portrait_x_113.jpg,1,24,38,402,598,7,28,1712,1345,5,0,144,131,7.907,13.931,10.653,6.023,0.99,7.78,equal,39,508,28,1345,0,132,13.967,98,equal
portrait,portrait_x_114.jpg,1,30,41,390,352,1,6,762,653,0,0,38,45,8.54,13.31,11.964,4.77,0.41,5.32,equal,41,301,6,653,0,45,13.347,43,equal
portrait,portrait_x_115.jpg,1,28,39,247,262,0,1,2245,2251,29,0,7,1067,10.92,30.369,22.375,19.449,0.59,10.85,better,38,250,1,2249,0,1066,30.334,74,better
portrait,portrait_x_116.jpg,1,34,37,324,369,9,1,1458,1271,4,0,42,106,9.597,14.254,11.503,4.656,0.15,8.27,equal,35,309,1,1271,0,106,14.253,60,equal
portrait,portrait_x_117.jpg,1,21,44,583,662,14,19,1922,1756,0,0,7,250,6.708,15.376,9.677,8.668,-0.03,10.44,equal,43,545,19,1756,0,249,15.414,173,equal
portrait,portrait_x_118.jpg,1,29,43,669,787,24,30,1604,1317,5,0,72,197,9.218,14.37,12.069,5.152,0.88,7.58,equal,42,666,30,1317,0,192,14.402,148,equal
food,food_001.jpg,1,23,44,552,709,19,37,2293,2220,14,0,0,153,7.008,15.831,13.311,8.824,0.14,9.04,better,41,667,35,2212,0,147,15.671,160,better
food,food_002.jpg,1,28,34,561,481,5,0,2391,2234,13,0,49,6,5.793,15.039,8.332,9.246,0.69,11.23,better,33,401,0,2234,0,5,15.079,140,better
food,food_003.jpg,1,53,73,1508,1352,73,111,2041,1877,114,0,17,18,9.778,26.992,25.008,17.215,1.05,6.8,better,73,1241,111,1877,0,14,26.56,445,better
food,food_004.jpg,1,11,17,224,618,24,20,1969,1111,15,0,6,231,6.621,15.555,11.26,8.934,-1.41,7.73,better,17,504,20,1111,0,221,15.589,294,better
food,food_005.jpg,0,31,35,592,453,2,5,672,647,37,0,14,20,7.241,9.324,9.324,2.083,1.69,2.82,better,33,392,5,646,0,20,9.338,80,better
food,food_006.jpg,1,26,49,731,865,17,10,1860,1469,55,0,11,342,7.779,19.011,13.187,11.232,0.43,10.95,better,49,760,10,1466,0,340,18.987,191,better
food,food_007.jpg,1,69,82,1278,1170,18,18,1385,1154,82,0,6,53,9.329,19.119,16.404,9.79,0.41,7.65,better,82,1080,18,1152,0,54,19.046,214,better
food,food_008.jpg,0,44,55,547,541,1,10,346,429,29,0,0,64,6.033,9.209,9.209,3.176,0.77,2.49,better,56,469,10,429,0,63,9.217,128,better
food,food_009.jpg,1,51,63,891,757,16,8,1703,1426,35,0,9,21,7.752,15.552,12.016,7.8,0.95,7.25,better,63,662,8,1426,0,19,15.592,154,better
food,food_010.jpg,0,13,17,574,506,1,0,592,629,6,0,0,1,6.355,9.341,9.341,2.986,1.22,2.8,better,17,432,0,628,0,1,9.389,92,better
food,food_011.jpg,1,43,61,991,986,43,51,2177,1478,59,0,40,7,10.773,20.685,16.735,9.912,0.93,9.34,better,59,868,53,1476,0,7,20.643,187,better
food,food_012.jpg,1,44,56,880,937,28,16,2084,1530,29,0,11,22,9.224,22.716,14.762,13.493,1.4,12.89,better,56,818,16,1529,0,22,22.683,118,better
food,food_013.jpg,1,34,47,933,976,30,31,1882,1720,32,0,47,60,7.765,14.997,12.358,7.232,0.79,6.4,better,47,801,31,1720,0,57,15.096,304,better
food,food_014.jpg,1,43,45,916,812,16,24,1535,1441,18,0,79,82,10.588,18.8,14.604,8.213,2.94,9.73,better,45,749,24,1441,0,82,18.838,101,better
food,food_015.jpg,0,32,34,415,388,3,9,1106,483,11,0,44,304,11.119,14.644,14.644,3.525,1.46,3.57,better,34,349,9,483,0,304,14.675,57,better
food,food_016.jpg,0,73,71,1355,1106,29,54,1038,1004,50,0,0,0,10.605,15.576,15.576,4.972,0.73,1.87,better,71,1016,54,1004,0,0,15.604,98,better
food,food_017.jpg,0,38,38,676,701,9,9,989,909,9,0,6,3,10.368,12.724,12.724,2.355,3.79,4.91,better,38,614,9,909,0,3,12.758,104,better
food,food_018.jpg,0,15,27,141,214,2,0,138,154,1,0,73,351,6.138,8.284,8.284,2.146,0.71,3.91,equal,26,182,0,154,0,351,8.286,31,equal
food,food_019.jpg,0,34,42,602,625,14,12,1308,1094,10,0,22,95,10.225,12.773,12.773,2.548,1.38,3.74,better,42,539,12,1092,0,94,12.784,118,better
food,food_020.jpg,0,36,48,1018,952,32,56,1394,1439,28,0,0,0,8.362,12.159,12.159,3.797,1.25,2.21,better,48,834,56,1439,0,0,12.176,185,better
food,food_021.jpg,1,39,57,449,474,9,19,2064,1465,52,0,5,56,9.359,22.305,14.536,12.946,0.77,11.52,better,56,414,19,1465,0,52,22.323,144,better
food,food_022.jpg,1,39,47,673,440,18,28,1650,1629,28,0,5,2,5.465,9.864,8.717,4.399,1.09,3.26,better,46,387,28,1626,0,2,9.875,91,better
food,food_023.jpg,0,51,54,1147,1077,26,20,833,815,21,0,4,7,10.36,13.825,13.825,3.465,1.71,3.32,better,53,959,20,815,0,6,13.899,113,better
food,food_024.jpg,0,55,67,796,635,2,12,586,721,116,0,6,70,9.659,15.825,15.825,6.165,1.7,4.32,better,64,574,12,720,0,69,15.834,169,better
food,food_025.jpg,0,28,26,557,598,12,13,1219,1207,11,0,0,4,8.247,11.147,11.147,2.9,1.02,2.79,better,25,511,13,1207,0,4,11.169,123,better
food,food_026.jpg,1,34,28,508,386,10,13,2645,1708,18,0,0,30,12.244,23.437,15.113,11.193,0.35,12.12,better,28,386,13,1708,0,30,23.437,4,better
food,food_027.jpg,1,53,57,772,976,37,67,2346,1950,64,0,3,16,9.327,21.769,17.234,12.443,0.92,11.81,better,57,866,67,1949,0,14,21.744,182,better
food,food_028.jpg,0,35,37,652,452,1,2,698,716,13,0,27,69,9.798,12.572,12.572,2.774,2.49,2.95,better,37,415,2,716,0,71,12.592,67,better
food,food_029.jpg,0,28,37,600,818,10,21,731,834,38,0,1,5,7.325,10.686,10.686,3.362,1.05,1.9,better,36,656,21,830,0,4,10.714,230,better
food,food_030.jpg,0,32,36,823,835,1,15,452,718,42,0,0,19,6.545,11.67,11.67,5.125,-0.39,2.54,better,35,759,15,718,0,19,11.7,133,better
food,food_031.jpg,1,58,80,1315,1431,42,81,1668,1551,42,0,23,42,8.623,16.428,14.754,7.805,0.43,4.13,better,79,1244,82,1550,0,43,16.458,275,better
food,food_032.jpg,1,41,69,820,857,41,26,2079,1262,34,0,19,2,11.448,26.035,14.725,14.587,2.1,16.1,better,68,811,26,1261,0,2,26.032,75,better
food,food_033.jpg,1,32,52,679,808,48,81,2253,1992,7,0,17,33,11.457,21.943,15.082,10.485,0.85,9.91,better,51,723,81,1989,0,21,21.922,155,better
food,food_034.jpg,0,51,63,858,805,8,30,968,990,42,0,3,9,8.206,13.087,13.087,4.881,1.92,1.87,better,63,687,30,989,0,9,13.113,221,better
food,food_035.jpg,1,33,68,980,1183,25,49,1505,1521,56,0,25,90,8.028,17.343,15.616,9.315,0.17,2.48,better,67,1024,49,1521,0,89,17.326,354,better
food,food_036.jpg,1,36,50,374,537,18,5,2428,2071,30,0,57,136,6.665,14.986,9.984,8.321,1.66,10.52,better,50,446,5,2070,0,131,14.992,136,better
food,food_037.jpg,1,43,36,963,765,12,22,1008,1032,28,0,0,2,11.704,16.394,15.076,4.69,4.48,5.46,better,34,685,22,1032,0,3,16.408,89,better
food,food_038.jpg,0,45,47,1042,886,10,8,1048,984,19,0,17,42,8.594,11.982,11.982,3.388,-0.09,2.66,better,47,792,8,984,0,44,11.991,101,better
food,food_039.jpg,0,51,61,928,792,1,5,242,260,38,0,1,3,8.27,12.833,12.833,4.563,0.58,4.52,better,58,744,5,260,0,3,12.894,101,better
food,food_040.jpg,1,32,25,454,277,13,11,2715,2281,22,0,10,353,7.246,17.088,14.648,9.842,3.16,8.14,better,25,275,11,2281,0,353,17.096,16,better
food,food_041.jpg,0,10,8,738,500,34,86,1508,2043,25,0,0,0,4.084,9.594,9.594,5.51,-0.13,-1.07,better,8,471,86,2043,0,0,9.688,175,better
food,food_043.jpg,1,38,65,639,670,10,16,1564,1425,44,0,9,69,7.127,15.176,11.18,8.049,1.02,8.95,better,63,572,16,1420,0,68,15.092,167,better
food,food_044.jpg,0,39,38,767,666,2,16,394,547,48,0,1,15,6.135,10.537,10.537,4.403,0.62,2.21,better,39,556,16,547,0,16,10.638,233,better
food,food_045.jpg,1,28,46,704,695,14,23,1761,1699,28,0,10,124,7.409,13.263,11.89,5.854,-0.3,4.29,better,44,657,23,1699,0,116,13.267,151,better
food,food_046.jpg,0,18,24,1262,1271,0,0,257,284,30,0,0,1,6.989,12.359,12.359,5.37,2.29,4.79,better,24,1043,0,284,0,2,12.343,223,better
food,food_047.jpg,0,38,39,695,507,3,0,407,407,43,0,3,9,6.571,10.804,10.804,4.233,0.05,3.24,better,39,452,0,407,0,12,10.847,129,better
food,food_048.jpg,0,29,31,919,422,10,19,1000,1297,100,0,2,4,5.392,12.82,12.82,7.428,0.7,-1.49,better,31,352,19,1297,0,1,12.845,272,better
food,food_049.jpg,0,33,39,827,727,5,1,869,620,10,0,464,198,12.283,18.766,18.766,6.483,-0.64,2.78,better,39,661,1,620,0,202,18.789,81,better
food,food_050.jpg,1,43,56,724,703,7,17,1672,1401,135,0,63,20,10.216,19.969,16.12,9.752,1.11,9.29,better,55,626,17,1401,0,22,20.002,141,better
random,rand_001.jpg,1,19,27,112,138,2,1,540,1172,16,0,0,84,12.938,28.579,24.067,15.642,1.57,7.01,better,24,114,1,1172,0,81,28.584,47,better
random,rand_002.jpg,1,34,62,743,1204,35,37,1445,1064,42,0,1,57,8.499,19.909,15.652,11.409,0.14,9.7,better,61,1088,37,1064,0,55,19.93,244,better
random,rand_003.jpg,1,14,28,182,377,35,27,1403,926,4,0,0,134,10.429,28.9,23.449,18.471,2.71,13.8,equal,27,332,27,923,0,132,28.86,83,equal
random,rand_004.jpg,1,25,34,203,243,2,0,1507,1411,1,0,8,154,7.516,12.647,10.507,5.13,0.19,6.48,equal,33,222,0,1410,0,154,12.636,27,equal
random,rand_005.jpg,1,22,34,629,823,26,48,2282,2072,13,0,5,341,7.882,17.333,12.855,9.451,0.25,10.74,better,34,740,48,2068,0,339,17.297,176,better
random,rand_006.jpg,0,39,45,679,645,14,14,1030,977,16,0,19,38,10.525,13.979,13.979,3.454,1.94,2.77,better,45,580,14,977,0,37,13.989,84,better
random,rand_007.jpg,0,29,38,351,421,9,10,1368,1247,3,0,101,149,10.343,12.944,12.944,2.601,-1.43,0.08,equal,38,382,10,1247,0,148,12.974,54,equal
random,rand_008.jpg,1,32,30,71,126,0,2,1710,1658,0,0,20,69,10.23,14.309,11.41,4.08,1.49,6.9,equal,30,118,2,1658,0,69,14.315,8,equal
random,rand_009.jpg,0,25,26,276,304,1,4,1766,1785,8,0,0,14,3.742,4.834,4.834,1.092,0.08,0.98,better,24,225,4,1785,0,14,4.871,84,better
random,rand_010.jpg,1,30,44,478,538,33,23,2375,1913,11,0,11,227,8.656,19.903,15.245,11.248,0.85,9.54,better,44,489,23,1911,0,224,19.82,104,better
random,rand_011.jpg,0,33,52,787,788,12,27,701,958,62,0,5,90,5.88,11.683,11.683,5.803,0.56,1.08,better,50,682,27,958,0,88,11.735,257,better
random,rand_012.jpg,1,20,17,416,429,12,5,2637,1165,18,0,620,151,13.865,26.184,16.789,12.319,0.12,15.1,better,17,407,5,1165,0,146,26.189,31,better
random,rand_013.jpg,0,9,14,51,118,0,0,0,1,0,0,3,10,4.718,6.758,6.758,2.04,-0.75,4.12,equal,14,82,0,1,0,8,6.763,32,equal
random,rand_014.jpg,1,21,33,212,373,0,0,1653,1678,25,0,1,373,7.203,15.488,11.416,8.285,0.16,8.47,better,33,296,0,1678,0,369,15.519,121,better
random,rand_015.jpg,0,28,41,1100,1327,5,6,350,449,44,0,12,206,7.487,12.826,12.826,5.339,0.57,2.06,better,41,1172,6,449,0,201,12.94,202,better
random,rand_016.jpg,1,9,15,168,237,7,22,3348,3279,5,0,0,0,17.537,26.698,17.923,9.161,8.37,14.67,equal,15,196,22,3279,0,0,26.699,38,equal
random,rand_017.jpg,1,25,27,622,383,5,13,2366,2313,17,0,0,255,7.039,12.122,8.614,5.083,-0.24,7.13,better,24,337,13,2313,0,254,12.162,81,better
random,rand_018.jpg,0,10,8,380,238,13,17,473,615,16,0,0,0,4.419,7.659,7.659,3.239,-0.13,3.96,better,8,212,17,615,0,0,7.7,53,better
random,rand_019.jpg,0,14,24,255,372,8,32,807,1128,54,0,0,334,6.875,13.114,13.114,6.239,-0.73,1.32,better,22,323,32,1128,0,335,13.14,104,better
random,rand_020.jpg,0,11,13,216,290,2,4,1193,1160,0,0,0,66,6.703,9.937,9.937,3.235,0.17,2.43,equal,13,228,4,1160,0,66,9.929,57,equal
random,rand_021.jpg,1,43,51,89,115,2,0,825,710,20,0,0,105,8.522,10.968,9.31,2.446,2.65,5.03,better,48,100,0,710,0,104,10.971,22,better
random,rand_022.jpg,0,24,34,153,134,0,0,788,806,6,0,0,91,9.161,16.181,16.181,7.02,1.08,3.07,better,32,115,0,805,0,89,16.185,39,better
random,rand_023.jpg,0,6,6,174,135,17,28,2927,3018,3,0,0,0,2.962,4.625,4.625,1.663,0.66,2.24,equal,6,130,28,3018,0,0,4.623,25,equal
random,rand_024.jpg,0,14,24,312,487,11,37,1037,1105,4,0,10,28,6.29,8.609,8.609,2.319,0.2,2.14,equal,24,414,37,1105,0,28,8.621,95,equal
random,rand_025.jpg,1,22,26,463,267,35,30,2151,2171,15,0,4,16,12.411,17.029,12.069,4.618,1.95,3.04,better,25,253,30,2169,0,13,16.953,84,better
random,rand_026.jpg,0,9,8,836,472,53,120,1759,2281,7,0,0,0,4.114,7.762,7.762,3.648,-0.15,-0.64,better,8,448,120,2281,0,0,7.774,121,better
random,rand_027.jpg,0,19,20,268,294,10,10,1190,1161,5,0,0,0,12.177,15.383,15.383,3.205,-0.14,2.59,equal,20,273,10,1160,0,0,15.398,20,equal
random,rand_028.jpg,1,18,49,378,539,10,6,2074,1740,3,0,72,137,10.552,23.565,17.495,13.012,1.12,12.33,equal,49,456,6,1738,0,144,23.515,120,equal
random,rand_029.jpg,1,12,23,110,153,0,0,1630,1535,6,0,0,716,5.479,17.112,9.967,11.632,0.43,14.85,better,23,134,0,1535,0,716,17.142,27,better
random,rand_030.jpg,1,12,24,87,190,12,19,3113,2496,0,0,0,52,12.44,24.617,18.626,12.177,1.01,11.24,equal,24,166,19,2496,0,52,24.63,19,equal
random,rand_031.jpg,0,28,32,682,849,23,22,934,964,9,0,74,12,11.833,16.093,16.093,4.26,0.74,2.49,better,33,792,22,964,0,13,16.079,101,better
random,rand_032.jpg,0,15,22,647,532,16,19,1191,1338,19,0,78,376,5.527,9.313,9.313,3.786,0.46,2.01,better,22,453,19,1338,0,374,9.388,125,better
random,rand_033.jpg,1,15,22,341,512,36,48,2735,2608,0,0,0,96,5.463,11.73,10.231,6.267,0.22,5.23,equal,22,450,48,2608,0,95,11.725,101,equal
random,rand_034.jpg,0,10,17,118,296,1,4,945,985,2,0,1,899,6.134,9.946,9.946,3.812,-0.48,4.73,equal,18,269,4,985,0,887,9.956,37,equal
random,rand_035.jpg,1,28,37,362,355,6,16,1477,1341,11,0,28,99,10.368,18.29,13.204,7.922,1.57,11.6,better,36,331,16,1341,0,99,18.277,54,better
random,rand_036.jpg,0,20,29,627,800,4,31,669,894,9,0,10,200,7.406,10.836,10.836,3.43,-0.27,1.5,better,28,693,31,894,0,210,10.896,250,better
random,rand_038.jpg,1,17,19,122,193,2,3,2022,1973,0,0,149,85,7.793,10.242,8.7,2.449,-0.04,4.01,equal,19,179,3,1973,0,85,10.249,19,equal
random,rand_039.jpg,1,29,35,824,545,24,21,1571,1520,36,0,34,33,7.63,13.445,12.249,5.815,0.76,3.69,better,34,476,21,1520,0,30,13.461,145,better
random,rand_040.jpg,1,33,56,962,981,36,63,2261,2057,67,0,5,54,9.575,24.338,19.899,14.763,0.7,8.43,better,56,932,63,2056,0,53,24.15,230,better
random,rand_041.jpg,1,30,40,267,321,9,31,2838,2467,30,0,29,27,13.592,25.086,19.137,11.494,0.51,9.05,better,40,301,32,2465,0,27,25.038,42,better
random,rand_042.jpg,0,23,28,300,433,18,33,1199,1128,0,0,0,206,9.377,14.41,14.41,5.033,-0.23,1.9,equal,27,404,33,1128,0,206,14.422,34,equal
random,rand_043.jpg,1,30,43,1371,1402,94,151,2336,2221,17,0,2,34,6.924,19.85,19.377,12.927,-0.36,4.53,better,43,1298,151,2221,0,17,19.998,435,better
random,rand_044.jpg,1,23,41,453,410,15,18,2857,2640,7,0,7,417,6.865,16.708,13.639,9.844,0.33,9.17,better,39,369,18,2640,0,417,16.702,85,better
random,rand_047.jpg,0,12,18,237,173,3,4,681,749,26,0,13,383,7.01,10.361,10.361,3.351,-2.35,2.66,better,17,159,4,749,0,381,10.377,34,better
random,rand_048.jpg,1,50,43,633,377,40,53,2720,2731,51,0,5,104,6.566,11.751,11.9,5.185,2.71,5.73,better,40,355,49,2715,0,91,11.525,185,better
random,rand_049.jpg,0,7,6,375,215,9,47,1126,1400,3,0,0,0,4.32,6.279,6.279,1.959,0.57,1.76,equal,6,198,47,1400,0,0,6.278,53,equal
random,rand_050.jpg,0,11,20,133,146,4,11,890,953,0,0,7,73,4.332,5.926,5.926,1.594,0.29,2.0,equal,19,116,11,953,0,73,5.93,31,equal
random,rand_051.jpg,0,19,33,144,195,1,4,517,540,2,0,102,354,8.489,11.862,11.862,3.373,1.37,3.91,equal,31,177,4,540,0,353,11.862,24,equal
random,rand_052.jpg,1,26,31,395,482,5,18,670,532,1,0,146,49,9.027,11.991,11.468,2.964,0.33,4.53,equal,31,422,18,532,0,49,11.995,77,equal
random,rand_053.jpg,1,22,33,432,518,15,18,2003,1106,1,0,0,137,9.239,21.445,13.995,12.206,-0.5,11.73,equal,32,489,18,1106,0,135,21.447,51,equal
